CCAA	exp_ibertasa	title	Full_Address	City	latitude	longitude	Anno	Value	Total_Rooms	Individual_Rooms	Double_Rooms	DayCenter_Rooms	Validos	Assisted_1	Assisted_2	Ind_valid_price	Ind_assist1_price	double_valid_price	double_assist1_price	day_valid_price	day_assist1_price	ebitda	revenue1	revenue5	cost	Personnel	Amortization	Other_costs	Working_Capital	CAPEX	Ground_Area	Built_Area	Construction_Costs	Old	Ground_Value	VRB	VRN	sectorial_ratio	Rent_Optima	Fast_Sale
Andalucía	391855	Residencia Churriana GRANADA	Calle Sta. Bárbara, 34, 18194 Churriana de la Vega, Granada, 	Granada	37.1430215	-3.6488155	2016	1247662.525	31	2	9	20	32	8	0	1584	1760	1440	1600	500	500	0.219017879	438778.368	529457.3223	0.176	0.364648788	0.088761503	0.240333333	0.014116258	0.0443	2163	2497	988085.56	3	76817.84	1262520.512	1160550.082	40247.17824	8234.284346	1000760.762
Andalucía	396425	Residencia geriatrica Cantillana_SEVILLA	Seville, 	Seville	37.3890924	-5.9844589	2016	1913246.077	42	2	40	0	5	16	0	1200	1200	1200	1200			0.21	1320501.334	1328402.604	0	0.65	0.072274447	0.14	0.014116258	0.0443	831	3350.86	2755337.319	16	203977.2628	3510382.045	1999355.06	45553.47803	15651.79876	1646783.871
Andalucía	424415	Residencia Ballesol_SEVILLA	C/ Alas, s/n. Esq, Calle Flor de Azalea, 41020 Sevilla, 	Sevilla	37.391905	-5.9186538	2016	4317139.038	61	19	42		52	26	26	1949	2241.35	1559.2	1793.08			0.203785432	2071071.202	2257361.912	0.126	0.444214568	0.093769365	0.226	0.014116258	0.0443	2226.7	4399.17	4928177.072	8	482925.2908	6396737.777	5042474.718	70772.77111	30304.66046	3555903.548
Andalucía	450155	residencia ancianos san rafael ALMERIA	Urbanización, Calle Torre del Campo, s/n, 04100, Almería, 	Almería	36.9495391	-2.1718409	2016	4776961.285	75	59	6	10	10	0	37							0.271306191	2209604.186	2276613.753	0.092839759	0.48	0.073088299	0.15585405	0.014116258	0.0443	43931	18501.24	4652762.143	11	298730.08	5889424.572	4136263.796	63692.81713	35363.42176	4023053.332
Andalucía	460855	Residencia Facinas JEREZ	11391 Facinas, Cádiz, 	sCádiz	36.1445803	-5.7016872	2017	5435466.119	73	31	42		3	22	5	1727.272727	1363.636364	1363.636364	1363.636364			0.272137328	1893102.647	2072584.996	0.060313425	0.583169646	0.127134785	0.084379602	0.014116258	0.0443	79617	24761.86	6104182.565	7	218959.12	7543978.198	6078974.383	74458.43999	37691.53374	4460170.74
Andalucía	526934	Gades II_Cadiz	Cádiz, 	Cádiz	36.5270612	-6.2885962	2017	1519774.784	32	7	25		57	0	0	1800		1500				0.183617477	696945.6	769494.991	0.053673128	0.483179749	0.084479782	0.279529646	0.014116258	0.0443	321	1370	1493875.4	10	942466.38	2735116.86	2222418.823	47492.96201	10455.33943	1222461.975
Andalucía	526935	Gades I_Cadiz	Cádiz, 	Cádiz	36.5270612	-6.2885962	2017	958629.6908	27	12	15	0	0	42	0		1400		1300			0.141677595	546393.6	602193.8295	0.176	0.441989072	0.077449844	0.240333333	0.014116258	0.0443	0	1520	1073518.49	12	823419.2538	2111641.442	1669781.231	35504.80336	6719.370538	766534.713
Andalucía	527130	Residencial Ancianos Nta. Se?ora Amparo HUELVA	Huelva, 	Huelva	37.261421	-6.9447224	2017	707387.3229	22	22			2	0	0	1181.818182						0.239060513	333391.8103	364404.2278	0.176	0.344939487	0.090216919	0.24	0.014116258	0.0443	1720	984.58	763409.7775	15	78223.98545	994315.7185	601312.365	32153.96922	5525.283988	600965.1593
Andalucía	544232	Residencia Fundomar Bermajales_Sevilla	G, Av. de Italia, 9, 41012 Sevilla, 	Sevilla	37.3508491	-5.9807505	2017	11018382.78	168	85	33	30	10	0	111					967.5		0.269871946	3743257.095	4068894.874	0.142	0.516128054	0.107241291	0.072	0.014116258	0.0443	4950	12171.27	10175975.91	6	1844714.611	14055885.7	11967775.45	65585.61178	73856.81712	8960225.571
Andalucía	544242	Residencia Bormujos SEVILLA	Carretera Castilleja - Bormujos, Km, 1, 41930 Bormujos, Sevilla, 	Sevilla	37.380035	-6.065347	2017	3502803.037	108	8	34	64	133	0	0	2100		1890		550		0.220607165	1898771.616	2061192.473	0.176	0.363392835	0.061521794	0.24	0.014116258	0.0443	3494	3093	2964367.35	17	787864.7067	4345105.527	2616286.488	32433.36145	28642.46941	2989430.577
Andalucía	585460	Residencia geriatrica Cantillana_SEVILLA	Seville, 	Seville	37.3890924	-5.9844589	2018	1490865.558	42	2	40		2	0	17	1140		1200				0.140956242	1280506.717	1359822.83	0.082274886	0.646983721	0.082495742	0.129785151	0.014116258	0.0443	831	3350.86	2802520.825	17	208687.048	3571712.038	1937281.893	35496.799	12237.104	1277193.399
Andalucía	606626	Residencia Dos Hermanas SEVILLA	Calle Juan de Mena, 2, 41701 Dos Hermanas, Sevilla, 	Sevilla	37.2818398	-5.9345913	2018	1225588.804	20	9	11		7	14	0	1250	1350	1400	1458			0.229803511	552082.9631	590301.4063	0.113413795	0.481811644	0.062890642	0.17497105	0.014116258	0.0443	811	1059.5	881090.8155	8	155687.47	1212996.449	970872.6925	61279.4402	8438.260239	1006781.871
Andalucía	613314	Residencia Los Higuerones_JAEN	Jaén, 	Jaén	37.7795941	-3.7849057	2018	942372.6976	22	1	21		28	0	0	1416		1180				0.24	512946	556980.0997	0.135	0.45	0.10677396	0.175	0.014116258	0.0443	10050	1567.87	1388129.383	16	28642.5	1694397.76	1076402.558	42835.12262	6964.676516	783243.9085
Andalucía	623299	Residencia Benasol Benalmadena MALAGA	Calle Cantueso, 2, 29631 Benalmádena, Málaga, 	Málaga	36.6001348	-4.5524022	2016	894047.5679	10	0	10		20	0	0	1790	1900	1490	1600	750		0.245674616	346514.4	366550.4547	0.15	0.434325384	0.085131809	0.17	0.014116258	0.0443	0	703.38	748297.8468	5	300594.8463	1198552.263	1070144.352	89404.75679	5888.018924	719508.7329
Andalucía	626220	Resd El Carmen Ubeda Jaén V01	23400 Úbeda, Jaén, 	Jaén	38.0114236	-3.3712457	2018	825115.5038	36	6	10	20	32	14	0	1390.909091	1390.909091	2436.363636	2436.363636	495.8677686	495.8677686	0.141468015	494386.8099	543663.1132	0.077104441	0.606812306	0.055171255	0.174615239	0.014116258	0.0443	5241.81	829.49	691896.4164	5	210882.5535	1041158.253	922428.8281	22919.87511	5448.668148	662897.5486
Aragón	322894	Residencial Las Adelfas de Ebro ZARAGOZA	km 352,7, Ctra. Barcelona, 50175 Osera de Ebro, Zaragoza, 	Zaragoza	41.540039	-0.5839489	2015	1347010.494	41	20	21	0	25	37	0	995	1243.75	895.5	1119.375			0.23	625000.7925	731888.9908	0.1	0.45	0.096856226	0.22	0.014116258	0.0443		11492.4	1748828.76	10	227751.552	2326346.064	1726148.034	32853.91449	9880.718927	1119884.381
Aragón	340250	Residencia Fundacion Hospital de Jesus ATECA_	Av. 20 de Noviembre 82, Centro Histórico de la Cdad. de México, Centro, Cuauhtémoc, 06090 Ciudad de México, CDMX, Mexico	MXMexico	19.4287427	-99.1335583	2015	508251.1266	22	5	17	0	6	10	23	866	803	699	642.4			0.2	340121.628	410199.0669	0.15	0.45	0.083676896	0.2	0.014116258	0.0443		1076.9	813003.3935	20	62858.653	1038462.725	481392.8	23102.32393	4673.641545	444177.0932
Aragón	464945	_26411 Residencia Sanitas ZARAGOZA real	Av. de Cataluña, 1, Centro Residencial, 50015 Zaragoza, 	Zaragoza	41.6585821	-0.8739086	2016	13294475.54	148	86	62		168	21	21	2200	2500	1900	2100			0.277755759	4858214.736	5280261.168	0.136	0.385944241	0.066385905	0.2003	0.014116258	0.0443	1257	7902.44	8547165.66	6	4821447.788	15078046.58	13324168.19	89827.53745	90422.56872	10782332.09
Aragón	542675	Residencia Fundacion Hospital de Jesus ATECA	Av. 20 de Noviembre 82, Centro Histórico de la Cdad. de México, Centro, Cuauhtémoc, 06090 Ciudad de México, CDMX, Mexico	MXMexico	19.4287427	-99.1335583	2018	474546.3804	22	5	17		6	10	23	875	805	700	644			0.2	351454.95	410303.7069	0.15	0.45	0.091102929	0.2	0.014116258	0.0443	806	1076.9	813003.3935	22	63672.30438	1039276.377	425621.4152	21570.29002	4703.66603	420344.4205
Aragón	598273	Residencia de Alcubiere	C/ Santa Ana, 22251 Alcubierre, Huesca	Huesca	41.807045	-0.44895	2018	1395490.245	47		22	25	40	20	9			1100	1188	600		0.025861006	633107.6352	703453.8342	0.154087722	0.545444378	0.063048657	0.133975221	0.063048657	0.16649268	2298.5	1273.94	1012377.187	7	154295.1566	1369147.781	1126177.256	29691.28182	9461.470364	1138772.041
Aragón	626853	Residencia 3ª edad Luz de Moncayo	Calle Moncayo, 4, 50511 Malón, Zaragoza	Zaragoza	41.94959	-1.671299	2018	1326022.325	37	5	22	10	25	25	10	1100	1298	990	1168.2	700		0.180456772	626763.5942	714868.2605	0.083	0.587143228	0.079584419	0.1494	0.014116258	0.0443	4061.35	2679.85	1265594.334	10	97841.87375	1616555.074	1182203.099	35838.44122	9372.575072	1095862.713
Asturias	183176	Residencia Pancar-Llanes	La Carúa, 33509 Pancar, Asturias, 	Asturias	43.4137851	-4.7588577	2012	1781436.733	34	4	30		40	0	0	1650		1400				0.2117	875578.5	1053364.718	0.05	0.4953	0.082797196	0.243	0.014116258	0.0443	1885	1990.65	1893566	1	315637.464	2587916.663	2522020.567			
Asturias	264597	Residencia Seana	Ctra. de Seana, 22, 33618 Seana, Asturias	Asturias	43.255754	-5.789548	2014	2246788.836	32	11	21	0	5	27	21	1272.727273	1318.181818	1181.818182	1227.272727			0.38	692565.9982	715976.9121	0.09	0.42	0.076498874	0.11	0.014116258	0.0443	1678	2342.35	1405225.628	3	75011.4612	1761282.215	1616262.93			
Asturias	326694	RESIDENCIA LA GUÍA - GIJON	Av. del Jardín Botánico, 148, 33203 Gijón, Asturias, 	Asturias	43.5333649	-5.6336545	2015	523901.6545	11	0	11	0	13	7	2			1200	1500			0.23	258073.2	299388.9313	0.16	0.45	0.083863521	0.16	0.014116258	0.0443	246.3	594.7	618874.555	14	186742.9202	929392.3862	632332.5998	47627.42314	4096.947093	440873.1751
Asturias	396269	Residencia Parque de la Luz	Calle Capitán Gral. Gutiérrez Mellado, 1, 33510 Pola de Siero, Asturias	Asturias	43.392226	-5.666042	2016	871768.4533	22		22		3	4	7			1220	1342			0.164333333	685322.0042	694773.7077	0.1	0.495333333	0.050199788	0.240333333	0.014116258	0.0443		840.03	872176.9419	11	126039.726	1172652.056	844015.7846	39625.83879	6381.192259	725944.3657
Asturias	433503	Palacio Leceñes	Barrio de Leceñes, s/n, 33938, Asturias	Asturias	43.363447	-5.648144	2016	5372443.097	70	34	36		42	28	15	1395	1618.2	1255.5	1472.562			0.336557099	1313139.504	1645957.978	0.072874519	0.380913305	0.194850852	0.209655078	0.014116258	0.0443	8099.85	6858.14	6491392.536	3	422258.5326	8211929.576	7542017.866	76749.18709	35706.13843	4339575.948
Asturias	514313	SERVIHABITAT - Residencia SANTIRSO	Aldea el Bosque, 8, 33195 Oviedo, Asturias, 	Asturias	43.3439285	-5.8316213	2017	907071.9018	19		19		30	8	0			1350	1550			0.165	549539.28	635969.4839	0.1	0.495	0.058932295	0.24	0.014116258	0.0443	5336	789.17	821249.7605	2	168085.3183	1153585.031	1097411.547	47740.62641	5818.939019	724004.7927
Asturias	514334	CENTRO GERONTOLÓGICO JOCA	Los Cuetos 9, 33188, Asturias, 	Asturias	43.3857956	-5.7203739	2017	4828848.437	76		76		30	46	76			1300	1600			0.185	2829790.08	3092916.339	0.1	0.495	0.052925408	0.22	0.014116258	0.0443	2952.28	3764.52	3797233.679	4	403526.4583	4960206.873	4440745.306	63537.47944	31783.32501	3909517.379
Asturias	528095	Sierra del Aramo	Sierra del Aramo, 33161, Asturias, 	Asturias	43.2491667	-5.9513889	2017	1105282.618	18	2	6		10	10	5	1339.090909	1339.090909	1283.636364	1283.636364			0.286125269	376031.6162	408305.2763	0.071884204	0.423357108	0.135017776	0.218633419	0.014116258	0.0443	548	1237.37	1287669.091	7	125830.5505	1671033.459	1361992.877	61404.5899	7507.387958	903580.8575
Asturias	545688	_Geriatrico Salinas	Calle Ramón y Cajal, 24, 33405 Salinas, Asturias, 	Asturias	43.5744016	-5.9578552	2018	737422.1479	13	1	12		25	0	0	1851.3		1683				0.174	481371.66	540599.4094	0.156	0.45	0.049416588	0.22	0.014116258	0.0443	1240	580	603553.8	10	150109.8	874374.36	667234.6958	56724.78061	5184.884426	606228.4345
Asturias	549859	Residencia Rivera Onis	Av. del Parque, 10, 33940 San Martín del Rey Aurelio, Asturias, 	Asturias	43.2878932	-5.6418506	2018	864828.0774	15	5	10		8	13	5	1609.090909	1609.090909	1345.454545	1345.454545			0.207353974	431618.7273	451540.2169	0.1	0.532646026	0.073562179	0.16	0.014116258	0.0443	109.35	808.57	841442.4134	6	218799.0711	1228529.967	1055865.984	57655.20516	5781.162252	701364.0698
Asturias	552292	Residencial San Esteban	Lugar Sograndio nº 17, 33193 Oviedo, Asturias, 	Asturias	43.3463583	-5.9310885	2017	540242.3699	10	1	9		6	7	7	1300	1400	1250	1350			0.2	251724.78	309689.598	0.15	0.45	0.064836152	0.2	0.014116258	0.0443	4487	405.85	414064.404	3	157977.1125	654854.3973	612122.9508	54024.23699	3494.847854	432468.3571
Asturias	556911	Geriatrico Nadal	Calle Samuño, 5, 33909 Langreo, Asturias	Asturias	43.288173	-5.674958	2018	795121.7516	33	3	11	19	44	0	0	1386.363636		1295.454545		736.3636364		0.174	555797.4545	586592.8026	0.156	0.45	0.074593007	0.22	0.014116258	0.0443	708	870.42	907632.7698	8	60293.9934	1149453.317	889466.066	24094.59853	5845.615032	666858.1255
Asturias	564378	Residencia Castillo	Ctra. Piles al Infanzón, 132, 33203 Gijón, Asturias	Asturias	43.556496	-5.592788	2018	1580660.773	22	2	20		42	0	0	1404.954545		1136.363636				0.295	535120.56	565617.1694	0.1	0.495	0.08645615	0.11	0.014116258	0.0443	1341	1127	1172767.47	6	405731.27	1813052.234	1572400.349	71848.21696	10510.04217	1275066.437
Asturias	578074	Residencia Pancar-Llanes	La Carúa, 33509 Pancar, Asturias, 	Asturias	43.4137851	-4.7588577	2016	2129387.06	34	4	30		40	0	0	1985.94		1683				0.2047	1042424.67	1174468.095	0.06	0.4953	0.078330378	0.24	0.014116258	0.0443	1885	1990.65	2071569.923	3	250702.461	2736586.368	2522800.352	62629.03117	13901.6684	1720255.63
Asturias	578083	_ Residencia CostaMar_Gozon	Balbín, S/N, 33449 Luanco, Asturias	Asturias	43.615112	-5.806475	2018	3816682.472	50		50		50	25	25			1282.24	1342.79			0.227774978	1488769.416	1645553.061	0.176	0.386225022	0.199502116	0.21	0.014116258	0.0443	11294	10826.73	7527796.92	13	480446.76	9513803.064	6162427.875	76333.64944	28536.61666	3209213.108
Asturias	580107	geriátrico perlora	Urb. La Estaquera, 19, 33491 Perlora, Asturias	Asturias	43.584801	-5.751285	2018	476095.1419	6	1	5		11	0	0	1400		1100				0.35	136598.4	150983.7003	0.09	0.34	0.078224035	0.22	0.014116258	0.0443	565.8	272.3	283368.995	5	82041.267	422084.061	373457.9415	79349.19032	3163.682695	386598.1676
Asturias	625528	_residencia el nadal	Calle Samuño, 5, 33909 Langreo, Asturias	Asturias	43.280347	-5.671508	2018	795409.3872	33	3	11	19	44	0	0	1386.363636		1295.454545		736.3636364		0.174	555797.4545	586592.8026	0.156	0.45	0.074593007	0.22	0.014116258	0.0443	708	870.42	907632.7698	8	61217.62512	1150376.949	890389.6977	24103.31476	5847.262542	667046.0706
Asturias		Residencia El Sueve - Cereceda	La Cruz, s/n, Cereceda  Piloña, 33583, (Asturias)	Asturias	43.382419	-5.261841	2016	654572.7949	13	1	12		13	5	8	1514.7	1814.7	1683	1983			0.169	470176.2828	542157.2205	0.146	0.465	0.059689991	0.22	0.014116258	0.0443	8177	683.7	711492.405	11	62353.44	916144.326	648053.9878	50351.75345	4697.7774	542885.4533
Castilla_La_Mancha	326789	Residencia Sequera	Calle San Blas, 22, 45662 Alcaudete de la Jara, Toledo, 	Toledo	39.7897111	-4.8683252	2015	2108445.068	80	20	60	0	0	80	43		1153.636364		894.5454545			0.3	767951.3005	926950.5877	0.12	0.4	0.0620871	0.18	0.014116258	0.0443	2275	3614.5	1401009.432	8	49263.40101	1702454.53	1323873.762	26355.56336	15139.19223	1748792.4
Castilla_Leon	361761	Residencia Villarcayo (2015)_BURGOS	Villarcayo de Merindad de Castilla la Vieja, Burgos, 	Burgos	42.944825	-3.561026	2015	1810306.674	26	5	21	0	34	2	11	1300	1400	1200	1300			0.26	575192.7418	705357.5419	0.13	0.4	0.112486836	0.21	0.014116258	0.0443	1085.08	2596.8	1797266.983	0	537070.18	2693790.559	2693790.559	69627.17975	11577.57403	1427412.889
Cantabria	365787	Barcena de Cicero-Cantabria	39420 Bárcena de Pie de Concha, Cantabria, 	Cantabria	43.1276249	-4.055505	2015	1804944.621	30	3	27	0	0	1	1	1236.133306	1421.674688	1236.133306	1421.674688			0.203159464	1111295.386	1139589.804	0.146	0.440840536	0.035106163	0.21	0.014116258	0.0443		1187.2	1115576.866	7	274880.5223	1613572.762	1345834.314	60164.82069	12560.08413	1486278.593
Castilla_La_Mancha	367302	Residencia Barajas de Melo	Calle Barranco de la Viña, 10, 16460 Barajas de Melo, Cuenca, 	Cuenca	40.124258	-2.911098	2015	1509980.537	50	20	30		16	24	40	1045.454545	1227.272727	909.0909091	1090.909091			0.194	727478.1818	914530.9091	0.146	0.45	0.074321447	0.21	0.014116258	0.0443	2163	2530.08	1433138.515	4	156133.91	1875900.128	1679846.779	30199.61073	10085.01441	1218659.89
Castilla_Leon	401709	Residencia El Portillo_Valdefresno LEON	León, 	León	42.5987263	-5.5670959	2016	2607489.644	54	3	51		60	32	14	1265	1366.2	1150	1242			0.149825254	1157540.1	1377181.393	0.08268504	0.527156373	0.139392116	0.240333333	0.014116258	0.0443	2163	13988.48	4092259.967	7	81801.01	4992512.971	4010370.579	48286.84527	18002.95261	2130352.217
Cantabria	423816	Residencia Puente Viesgo	Barrio La Estación, s/nº, 39670 Puente Viesgo, Cantabria, 	Cantabria	43.2978363	-3.9643263	2016	5364198.414	96	18	58	20	46	34	34	1799.6	2129.6	1636	1936	550		0.219	2585985.234	2901348.488	0.136	0.445	0.091358758	0.2	0.014116258	0.0443	4581.85	9153.27	5990756.625	9	1136656.833	8325564.783	6478015.439	55877.06681	37955.25377	4412335.666
Castilla_Leon	426923	Residencia Ntra. Sra. de la Asunción_LEON	Av. de Mariano Andrés, 193, 24008 León, 	León	42.6196202	-5.5671742	2016	1341578.041	30		30		0	0	0							0.240186606	690322.0464	743807.6715	0.15	0.399813394	0.158873798	0.21	0.014116258	0.0443	4260	4940.22	2119305.996	14	58308.24005	2601475.435	1584208.557	44719.26804	11975.04474	1172730.037
Castilla_La_Mancha	440610	Residencia Virgen de la Oliva	Avda. de Portugal, 57, Pantoja, Toledo, España	Toledo	40.0476639	-3.8357717	2016	3989608.475	283	114	169		61	218	79	1145.454545	1424.754545	1090.909091	1356.909091			0.141201901	2351072.769	3010045.6	0.088464766	0.53	0.22424362	0.240333333	0.014116258	0.0443	31759.72	43891.33	13371345.97	14	1952338.541	17997953.7	11579707.64	14097.55645	30513.26799	3328831.711
Castilla_Leon	469377	Geriatrico Conde de Aldama_PONFERRADA	Calle Andres Viloria, 3, 24404 Ponferrada, León, 	León	42.55002	-6.61096	2017	2228394.236	27	4	22		19	20	10	1416.663636	1597.222727	1231.481818	1439.818182			0.259171595	802361.4868	870204.531	0.076771598	0.535918046	0.082987159	0.128138761	0.014116258	0.0443	2422	2499.39	1799070.135	7	962764.6475	2989285.972	2583981.707	82533.11984	15212.08616	1800099.249
Castilla_Leon	479361	calle Fernan Gonzalez - BURGOSs	Calle de Fernán González, 09003 Burgos, 	Burgos	42.3406925	-3.7059975	2017	5491641.343	60	20	40		25	65	10	2111.85	2428.6275	1805	2075.75			0.204155956	2293555.351	2471383.446	0.176	0.409844044	0.112477086	0.21	0.014116258	0.0443	5753.77	4893.9	6542778.851	0	1680614.199	9531948.82	9531948.82	91527.35571	34574.86578	4343034.133
Castilla_La_Mancha	490117	Residencia Ancianos Poblete	Av. de Cdad. Real, S/N, 13195 Poblete, Cdad. Real, 	Ciudad Real	38.9394484	-3.977242	2017	6796643.179	149	95	40		122	61	20	1157.024793	1319.008264	1064.46281	1226.677686			0.274363529	2602624.744	2825253.172	0.176	0.309303138	0.084896226	0.240333333	0.014116258	0.0443	7420.32	8563.85	5606123.32	10	568775.9932	7296123.977	5372102.454	45615.05489	48308.44168	5648332.453
Castilla_Leon	497427	Residencia Bellaluz					2017	776857.4014	30	11	19		8	24	8	1100	1397	990	1257.3			0.204666667	352805.807	655036.6057	0.1	0.495333333	0.149326595	0.2	0.014116258	0.0443		1376.07	1337713.908	22	202073.8187	1807330.508	797624.0505	25895.24671	7615.787201	680586.9372
Cantabria	499138	RESIDENCIA VIRGEN DE LA OLIVA SANTANDER CIRCULAR-Cantabria	Av. de Cantabria, 35, 39012 Santander, Cantabria, 	Cantabria	43.4757736	-3.805781	2017	3429586.411	283	114			61	218	79	1145.454545	1424.754545					0.088666667	2351072.769	3053962.806	0.176	0.495333333	0.224075396	0.24	0.014116258	0.0443	31759.22	43891.33	13371343.47	15	2022802.297	18068414.46	11184846.85	12118.6799	26055.85267	2834000.874
Castilla_Leon	506574	Residencia Ancianos Concepcion - Villafranca del bierzo	Calle Concepción, 8, 24500 Villafranca del Bierzo, León, 	León	42.6096074	-6.8129804	2017	892308.5207	37	6	31	0	18	41	0	934	1200	934	1200			0.125524898	893828.1292	945668.8339	0.176	0.458141769	0.062995762	0.240333333	0.014116258	0.0443	835	1748	1643211.6	17	224572.9742	2196426.894	1238105.889	24116.44651	7304.286006	762352.4221
Castilla_Leon	542512	Residencia Folgoso					2017	2964947.115	63	11	32	20	22	6	6	1143.518182	1333.336364	1046.3	1236.109091	600		0.28859687	1108164.073	1119402.549	0.069079383	0.489762352	0.118151929	0.152561395	0.014116258	0.0443	5241.81	3423.3	3472253.19	5	87887.7	4254591.528	3658752.881	47062.65263	19936.69492	2436239.81
Castilla_Leon	543843	Residencia Sauvia Salamanca	Ctra. Zamora, 7, 37184 Villares de la Reina, Salamanca, 	Salamanca	40.9937197	-5.6649005	2017	11036602.73	153	22	99	30	78	104	56	1455	1682	1318	1409	681		0.330931305	3090610.041	3384644.95	0.123710204	0.391912918	0.109004236	0.153445574	0.014116258	0.0443	9145	11646.3	8549050.602	8	2304748.974	12563609.7	10214330.59	72134.65836	75191.1737	8971175.143
Castilla_Leon	623178	Res Sauvia Villares Reina V01	37184 Villares de la Reina, Salamanca, 	Salamanca	41.0083577	-5.6471096	2018	10181214.94	153	22	99	30	78	104	56	1455	1682	1318	1409	681		0.330987082	3090610.041	3268693.576	0.1237	0.391912918	0.112403614	0.1534	0.014116258	0.0443	8700	11646.3	8585108.056	9	2321643.133	12623772.8	9976125.476	66543.88852	71140.27839	8372108.659
Cantabria	623635	Residencia Ancianos Domus iV Santander  (Copia en conflicto de Jorge Elizaga Guitart 2018-11-12 (2))					2018	8341772.391	108	0	72		0	0	29	1236.133333	1421.675	1236.133333	1421.675			0.335811176	2272463.32	2537408.868	0.176	0.248188824	0.115840677	0.24	0.014116258	0.0443	1986.85	7536.59	6680181.6	8	2597689.645	10613907.57	8778193.662	77238.63325	56853.80434	6783315.263
Castilla_Leon	623834	Residencia Santiago Apostol	Calle Tejedores, 16, 24750 La Bañeza, León	León	42.300069	-5.895609	2018	2205115.297	80	72	5		85	0	0	2147.41						0.155055326	1608599.062	1746198.569	0.176	0.428944674	0.081164219	0.24	0.014116258	0.0443	5241.81	2630.02	3311873.725	5	-2304106.599	1670141.872	1101824.34	27563.94121	15491.35772	1893025.023
Castilla_Leon	627856	Residencia Valdeolmillos	Paseo del Salón, 27, 34002 Palencia	Palencia	9.0260037	77.3898602	2018	1426649.906	21	2	13		1	45	0	1769.4	1769.4	1592.46	1592.46			0.152165564	582107.8284	773619.8305	0.133695477	0.474138959	0.094635533	0.24	0.014116258	0.0443	783.41	1313.82	1234163.057	12	107894.1091	1588889.778	1065947.752	67935.7098	11106.52225	1208016.262
Castilla_La_Mancha	633133	Residencia Real de Seseña	Calle Aranjuez, 19, 45224 Seseña Nuevo, Toledo, 	Toledo	40.107052	-3.6488796	2018	7685386.024	91	35	56	0	19	39	39	1590	1890	1325	1625	0		0.247661852	2698734.209	3046788.713	0.090475026	0.484778381	0.103639834	0.177084742	0.014116258	0.0443	3005	7822.97	7097691.554	8	1249064.798	9766294.663	7815849.024	84454.79147	52688.15212	6260043.137
Cataluña	306599	Residencia Sanitas Tarragona	Av. Catalunya, 54, 43002 Tarragona, 	Tarragona	41.1227149	1.2462047	2015	16002559.38	192	67	37	30	169	60	0	1818.181818	2118.181818	1652.892562	1952.892562	487.6033058		0.44	3751612.773	4308677.904	0.1	0.35	0.119819588	0.11	0.014116258	0.0443	12382	21743.28	12985150.54	3	5144203.485	20726384.14	19386316.6	83346.66341	108733.2554	12993594.81
Cataluña	368597	Residencia Gran Vía Parc_Mandoni 15-17 BCN	Carrer de Mandoni, 11, 08004 Barcelona, 	Barcelona	41.3691646	2.1433652	2015	6840739.002	115	0	90	25	43	18	54			1409.090909	1615.702479	590.9090909	668.1818182	0.245	2615219.869	2982973.818	0.15	0.405	0.084611545	0.2	0.014116258	0.0443	947.15	6382	5864181.04	6	4209388.452	11246405.7	10043075.75	59484.68698	45554.51772	5432094.502
Cataluña	378468	SANTA POLA	Santa Pola, Alicante, 	Alicante	38.1965614	-0.5612438	2015	7986293.144	115	30	55	30	32	3	23	1449.3613	1449.3613	1409.13188	1409.13188	390.28		0.150967647	2569519.89	2656395.582	0.095321685	0.507077227	0.109661198	0.078262601	0.0443	0.109661198	1093	10745.23	7149368.483	10	2734024.945	11313267.13	8859603.862	93956.38993	56794.20725	6534873.672
Cataluña	380617	Residencia Itaca Fortuny REUS	Carrer del Condesito, 5, 43205 Reus, Tarragona, 	Tarragona	41.1457495	1.1115874	2016	2353912.456	61	11	35	15	12	18	31	1552.5	1788.119295	1350	1554.886344	1155		0.184666667	1611470.304	1827796.41	0.12	0.495333333	0.04995671	0.2	0.014116258	0.0443	1670	2732	2043294.379	15	562113.8555	3014067.11	1962179.164	38588.72878	18518.26307	1985905.198
Cataluña	386994	Residencia Sagrada Familia	Carrer de los Castillejos, 256, 258, 08013 Barcelona	Barcelona	41.406625	2.178794	2016	9295135.422	132	76	28	20	122	13	13	2300	2530	2000	2200	915		0.229	3783131.812	4080979.442	0.126	0.445	0.090542589	0.2	0.014116258	0.0443	1151	8074.05	8683852.157	11	7771679.546	18192302.13	14920226.64	70417.69259	65472.43027	7448348.198
Cataluña	423249	Residencia Santa Oliva					2016	2414338.462	34	0	16		20	10	10			1523.368	1754.566			0.22103897	888022.4239	969825.5573	0.126	0.47296103	0.107000924	0.18	0.014116258	0.0443	2000	2925.05	3442725.349	7	835813.72	4967084.139	4140830.055	71009.95476	15012.38912	1881831.277
Cataluña	424589	Residencia l'estada					2016	2583737.629	50		39	5	13	4	4			1384.88	1595.06	750	750	0.189367039	1565929.155	1695243.431	0.15	0.440632961	0.063900883	0.22	0.014116258	0.0443	4609.12	5737.02	2537193.861	16	604956.4948	3649589.128	2258192.014	51674.75258	20793.42352	2187753.305
Cataluña	462920	Residencia Sant Marti					2017	826532.3679	31	3	28		6	21	32	1136.363636	1363.636364	1068.181818	1272.727273			0.17	487620.4582	539918.1249	0.1	0.49	0.152648219	0.24	0.014116258	0.0443	1436.07	1603.96	1887828.841	21	572281.6894	2837676.298	1478439.533	26662.33445	7679.4418	705566.8677
Cataluña	494229	Residencia La Torreta					2017	2452721.152	45		20	25	19	4	3			1900	2090	590	590	0.237493175	1051358.011	1090137.633	0.170320871	0.482471237	0.058868843	0.109714717	0.014116258	0.0443	667	1267.51	1570358.602	10	1274788.022	3159218.344	2620271.272	54504.91448	16934.79912	1980055.082
Cataluña	498196	Residencia Los Tilos	Carrer de Sardenya, 480, 08025 Barcelona, 	Barcelona	41.4100083	2.1648067	2017	15135917.71	195	82	88	25	92	67	89	2140.909091	2440.909091	1918.181818	2218.181818	843	1012	0.239999823	6185585.895	6492354.322	0.080000072	0.480000105	0.066693456	0.2	0.014116258	0.0443	2388	10310.06	10644518.35	10	11067292.26	23627823.91	20035511.86	77620.09084	103415.0036	12091516.53
Cataluña	501515	Residencia llar joan trias					2017	4486530.998	49		10	35	0	0	0							0.250358245	1483062.6	1528038.702	0.125	0.499641755	0.04667909	0.125	0.014116258	0.0443	492.27	1715.72	1756485.507	10	5429901.821	7537684.429	6934858.603	91561.8571	29437.64437	3441916.077
Cataluña	518701	residencia st joan deu martorell					2018	9646844.765	131	56	40	35	56	63	21	1742.4	1980	1584	1800	900		0.288774041	3058021.983	3254727.956	0.1	0.470892625	0.059385241	0.140333333	0.014116258	0.0443	5247	6559.11	6957907.02	5	2507139.387	10856627.81	9771194.316	73640.03637	58216.83076	7537227.512
Cataluña	558535	residencia mas deu hogar					2018	1725609.21	26	7	19	0	13	15	17	1850	1850	1750	1750			0.190383001	914787.3	967166.2049	0.145801331	0.45693682	0.049430301	0.206878849	0.014116258	0.0443	18495	907.22	1147297.629	10	1248998.428	2625755.582	2232003.036	66369.58499	11835.84901	1383874.283
Cataluña	563065	residencia prat					2018	5879680.052	89	6	51	32	54	65	22	1749	1969	1590	1790	690	690	0.165091157	1456942.465	2595308.396	0.138632377	0.385298606	0.07978238	0.192831762	0.0443	0.07978238	1548	4289.43	4211533.951	0	2842886.765	7896727.507	7896727.507	66063.82081	35077.48526	4566182.708
Cataluña	585105	Residencia la Pau			17.3267543	76.8389413	2018	4311754.184	37	7	30	0	22	23	22	2000	2300	1800	2070			0.29589202	1347886.134	1549132.104	0.087604401	0.535932813	0.058259044	0.080570767	0.014116258	0.0443	713.62	2138.85	1991615.579	0	1648942.15	4038880.844	4038880.844	116533.8969	27169.61537	3412842.372
Cataluña	586740	residencia sol i natura	Ctra. de l'Amunt, 8, 08757 L'Amunt Vell, Barcelona, 	Barcelona	41.4146729	1.9175382	2018	2353127.473	51	2	24	25	23	13	5	1900	2185	1800	1980	865		0.203839681	1260521.743	1332957.409	0.15	0.456160319	0.05206567	0.19	0.014116258	0.0443	1747.83	1316.94	1665451.92	8	382531.5618	2381073.866	1923407.679	46139.75437	16186.19907	1931200.427
Cataluña	591916	Residencia carles collet					2018	5901641.475	48	0	38	10	47	8	8			1875	2125	875		0.317256275	1254512.766	1846294.571	0.095981813	0.51139792	0.11882295	0.075363992	0.014116258	0.0443	1775	2491.25	3780631.714	0	1855026.538	6391784.594	6391784.594	122950.8641	37036.72612	4652274.479
Cataluña	620690	Residencia pº maragall					2018	10301706.28	67	7	60	0	36	37	36	2100	2345	1890	2110.5			0.399939056	1443142.858	2989840.043	0.127401729	0.390663176	0.154436584	0.081996039	0.014116258	0.0443	1938	4083.1	5652602.809	0	2985336.31	9768459.681	9768459.681	153756.8101	64482.41654	8099795.318
Cataluña	626117	residencia sant josep de torrefarrera	Carrer d'Almacelles, s/n, 25110 Malpartit, Lleida, 	Lleida	41.6915442	0.5337862	2019	2880802.835	75	20	35	20	45	22	16	2000	2300	1600	1750	690		0.102265546	1750089.39	2160195.362	0.15	0.537401121	0.048327639	0.210333333	0.014116258	0.0443	417	2073.05	2144673.878	9	243496.5685	2817105.222	2155687.798	38410.70447	19963.59646	2359076.157
Cataluña	628593	centro hipocrates	Carrer Bosc del Masso, 21, 08553 El Montanyá, Barcelona, 	Barcelona	41.803613	2.258529	2018	3172545.789	60		60	0	120	0	0			2500				0.273062107	1483200	1769043.326	0.170319813	0.319855682	0.0993694	0.236762398	0.014116258	0.0443	4354.06	3113.72	3740823.208	15	522046.2608	5011034.11	3085258.323	52875.76316	24878.8734	2696412.437
Extremadura	380131	Residencia Geriatrica Valdefuentes	10180 Valdefuentes, Cáceres, 	Cáceres	39.2751401	-6.1248675	2016	2717374.13	48	38	10		6	46	0	1100	1305	900	1152			0.10399897	503777.8858	882417.6801	0.112361769	0.307426935	0.201212669	0.240333333	0.0443	0.201212669	13804	13804	3704647.215	0	30216.12	4475792.778	4475792.778	56611.96104	17608.71289	2170999.182
Extremadura	623115	Residencia Malpartida Caceres	10910 Malpartida de Cáceres, Cáceres, 	Cáceres	39.4518028	-6.4797071	2018	3785404.302	122	48	74		56	88	52	1170	1404	975	1175			0.099808511	1722665.556	2383633.713	0.176	0.484191489	0.121777761	0.24	0.014116258	0.0443	30000	13126.14	5512978.573	12	58000	6673574.287	4444358.308	31027.90412	27631.48004	3140053.667
Galicia	391720	Residencai Rios Verin	Riós, Province of Ourense, 	Ourense	41.9853874	-7.286868	2016	1050176.878	20		20		0	20	20				1469.125			0.189	617385.09	703922.8508	0.146	0.455	0.094716421	0.21	0.014116258	0.0443	4944	1734.1	1482482.09	11	140410.077	1919388.585	1360789.333	52508.84391	7700.929623	876081.811
Galicia	424462	Centro Mental - UR Cervo A Mariña	27891 Cervo, Lugo, 	Lugo	43.671212	-7.4103573	2016	880080.6214	21	17	4		10	0	0	1500		1500				0.2037	419149.44	457232.7305	0.146	0.44	0.115376139	0.2103	0.014116258	0.0443	6968	1435.14	1226901.186	3	58525.0092	1530806.432	1404190.23	41908.60102	5853.148936	711367.4416
Galicia	427510	residencia Sanitas Vigo	Rúa Conde, 6, 36210 Vigo, PoPontevedra, 	Pontevedra	42.2193988	-8.7263228	2016	5002605.03	67	38	29		29	29	38	3054.745833	3354.745833	2603.158708	2903.158708			0.174406032	2621850.238	2903347.148	0.156	0.459293968	0.051706608	0.2103	0.014116258	0.0443	1257	3968.24	3595178.256	5	1561354.13	5875568.037	5258635.448	74665.74672	33318.80884	4000812.075
Galicia	427608	vivienda comunitaria O Noso Acougo					2016	185333.3612	7	2	5		11	1	0	1363.636364	1363.636364	1090.909091	1090.909091			0.1681	147272.7273	150988.7405	0.156	0.4553	0.043888202	0.2206	0.014116258	0.0443	382	200.55	171450.195	10	13942.236	219682.47	160840.7631	26476.19445	1345.521845	154818.8751
Galicia	433539	residencia Sanitas Vigo	Rúa Conde, 6, 36210 Vigo, PoPontevedra, 	Pontevedra	42.2193988	-8.7263228	2016	4520411.041	67	38	29		14	34	48	1681.818182	1981.818182	1528.92562	1828.92562			0.206618779	2341815.746	2424853.911	0.136	0.457081221	0.058927565	0.2003	0.014116258	0.0443	1257	3968.24	3657844.638	4	1561354.13	5950767.696	5450374.549	67468.82151	29919.00334	3615373.05
Galicia	482480	Residencia Tomiño	36740 Tomiño, PoPontevedra, 	Pontevedra	41.9924192	-8.7424885	2017	2495791.834	39		24	14	36	16	16			1627.291667	1777.291667	912.5	962.5	0.220284282	1116708.84	1226048.155	0.156	0.413715718	0.04653561	0.21	0.014116258	0.0443	4000	1669.73	1377193.304	6	255602.2684	1908234.233	1625634.167	63994.66241	16711.102	2027372.006
Galicia	528172	Residencia Silleda	Silleda, PoPontevedra, 	Pontevedra	42.7020616	-8.2445422	2018	3360106.548	54	9	24	20	78	0	0	1375		1150		300		0.292870356	233119.7964	892273.8022	0.15355	0.393179644	0.452152576	0.1604	0.014116258	0.0443	5241.81	2435.45	2718644.126	0	102152.33	3310152.399	3310152.399	62224.19533		
Galicia	554154	Residencia Coles					2018	775216.922	13	5	8		6	7	7	1320	1386	1200	1320			0.244	303210.6372	323446.5841	0.146	0.4	0.100190384	0.21	0.014116258	0.0443	3534	1068	770476.56	0	24104.76	948676.632	948676.632	59632.07092	4929.289251	619180.1756
Galicia	593120	RESIDENCIA SILLEDA	Silleda, PoPontevedra, 	Pontevedra	42.7020616	-8.2445422	2018	3360106.548	54	9	24	20	78	0	0	1375		1150		300		0.292870356	233119.7964	892273.8022	0.15355	0.393179644	0.452152576	0.1604	0.014116258	0.0443	5241.81	2435.45	2718644.126	0	102152.33	3310152.399	3310152.399	62224.19533		
Galicia	614525	residencia vila do conde gondomar	Igrexa, 8, 36380 Gondomar, PoPontevedra, 	Pontevedra	42.1173205	-8.7645515	2018	3348598.765	66	13	53		39	29	29	1723.09795	1973.09795	1460.2525	1710.2525			0.174333333	2399298.614	2486006.657	0.15	0.465333333	0.049068637	0.210333333	0.014116258	0.0443	3459	5276.33	2987108.598	10	181689.74	3766220.057	2741044.386	50736.34492	23901.89857	2783439.2
Galicia	616662	Centro de Día Buruela					2018	554981.2389	39	15	18	4	39	0	0	725		565		40		0.22663868	146257.5667	296926.6822	0.123426362	0.495	0.056381331	0.154934958	0.014116258	0.0443	0	327	209142.66	0	38422.5	289393.692	289393.692	14230.28818	3510.696577	440987.2524
Canarias	365479	Residencia San Lorenzo CANARIAS	Calle Juan Ramón Jiménez, 33, 35219 Ojos de Garza, Las Palmas, 	sPalmas	27.9463385	-15.3956245	2015	8541774.328	85	2	0	0	50	102	79	1825	2125			900		0.21	3930952.824	5231456.16	0.15	0.44	0.096383494	0.2	0.014116258	0.0443	2414	10950.43	10050053.25	10	707753.2743	12767817.18	9318638.901	100491.4627	61572.58842	7084685.332
Baleares	527153	Residencia Porreres  BALEARES	07260 Porreres, Balearic Islas Baleares, 	Islas Baleares	39.5148577	3.0238803	2017	1259918.838	21		21		6	34	2			1530	1700			0.1487	774859.932	889206.0089	0.176	0.4953	0.086624294	0.18	0.014116258	0.0443	619	1838	1702731.978	12	174416.8724	2217695.245	1516850.763	59996.13512	9143.855561	1043115.967
Madrid	379704	Valdeluz El Escorial	Calle Nueve, nº 9, 28280 El Escorial, Madrid, 	Madrid	40.6039076	-4.052417	2016	5746099.471	89	9	80		17	34	118	1590	1828.5	1431	1645.65			0.174	3313348.133	3622062.659	0.136	0.5	0.115481912	0.19	0.014116258	0.0443	5375	10708.93	9708312.461	10	2339966.121	13989941.07	10658048.24	64562.91541	40852.71218	4700608.147
Madrid	379742	La Suiza Santa Rita	nº4, Calle de Berna, 28294 Robledo de Chavela, Madrid, 	Madrid	40.5126523	-4.2399445	2016	1529909.026	46	14	32		0	17	25		1479.99178		1241			0.18	1042108.279	1143474.194	0.15	0.45	0.047483645	0.22	0.014116258	0.0443	2478	978	1255508.346	10	223020	1729630.015	1298739.551	33258.89187	11045.45374	1270915.615
Madrid	390163	SanyRes Loreto					2016	18975322.11	81	39	42		25	49	49	2340	2630	1980	2270			0.421031565	3469707.605	3628487.985	0.07	0.34	0.130818577	0.19	0.014116258	0.0443	22260	10509.93	11506061.17	6	4623633.505	18430906.9	16069863.15	234263.2359	128113.7105	15276767.65
Madrid	432750	Rda. Los Enebros					2016	1598158.338	25	12	13		25	13	0	1600	2000	1400	1800			0.267989484	727823.88	777606.9315	0.176	0.316010516	0.052435103	0.24	0.014116258	0.0443	742	1255.9	967660.7116	16	388075.1447	1549267.999	1018602.864	63926.33353	12901.05709	1357368.125
Madrid	433228	Residencia Galdama_Fuenlabrada	Av. de los Andes, 18, 28945 Fuenlabrada, Madrid, 	Madrid	40.2949046	-3.7872938	2016	5157438.981	89		89		8	8	11			1448.75	1593.625			0.23	2318018.637	2553119.231	0.1	0.45	0.081404538	0.22	0.014116258	0.0443	5241.81	4969.32	4783325.315	6	665868.323	6405858.702	5424320.347	57948.7526	35276.84406	4206545.481
Madrid	468330	EEE Conde los Gaitanes_Alcobendas	Alcobendas, Madrid, 	Madrid	40.5372512	-3.6372245	2017	5013931.235	43	20	23		17	46	3	2111.85	2428.6275	1805	2075.75			0.241592176	1592589.207	1723483.37	0.15	0.398407824	0.091577545	0.21	0.014116258	0.0443	18754.76	3448.53	3754283.683	1	5327194.559	9832334.979	9765967.9	116603.052	29954.58237	3798296.692
Madrid	470264	Santa Matilde					2017	1881732.717	44	13	31	0	56	20	0	1430	1630	1300	1500			0.136548027	2045684.16	2233971.275	0.039928932	0.388623041	0.037373357	0.4349	0.014116258	0.0443	5241.81	1623.55	1968189.108	6	1837837.995	4199664.924	3765810.564	42766.65265	11867.7968	1439787.693
Madrid	473594	Residencia Castillo_Villaviciosa Odon					2017	1953047.522	37	7	27		3	58	12	1525	1677.5	1143.75	1258.125			0.199385458	1071783.801	1146152.248	0.153850021	0.510830636	0.068967325	0.135933885	0.014116258	0.0443	1959	2596.25	1875141.078	12	366949.8461	2617119.14	1845311.072	52785.06817	14524.01798	1631673.124
Madrid	480174	Residencia Ancianos Casablanca					2017	7214059.313	107	23	54	30	45	45	25	1739	1888.554	1417.9806	1567.49982	710		0.287282101	2398252.258	2589602.157	0.1	0.455331584	0.086644657	0.157386314	0.014116258	0.0443	4590	7583.43	5268482.39	4	531819.6236	6853998.492	6133270.101	67421.11508	47646.50187	5860772.183
Madrid	505969	Fundación Manantial					2017	3100577.256	144	38	50	21	144	0	0	2737.5		761.25		1087.5		0.167878712	2129399.455	2150773.436	0.176	0.416121288	0.069673808	0.24	0.014116258	0.0443	5241.81	3379.1	3762839.065	0	766703.1993	5282110.077	5282110.077	21531.7865	19958.61402	2495326.407
Madrid	379704	Valdeluz El Escorial	Calle Nueve, nº 9, 28280 El Escorial, Madrid, 	Madrid	40.6039076	-4.052417	2016	5746099.471	89	9	80		17	34	118	1590	1828.5	1431	1645.65			0.174	3313348.133	3622062.659	0.136	0.5	0.115481912	0.19	0.014116258	0.0443	5375	10708.93	9708312.461	10	2339966.121	13989941.07	10658048.24	64562.91541	40852.71218	4700608.147
Madrid	379742	La Suiza Santa Rita	nº4, Calle de Berna, 28294 Robledo de Chavela, Madrid, 	Madrid	40.5126523	-4.2399445	2016	1529909.026	46	14	32		0	17	25		1479.99178		1241			0.18	1042108.279	1143474.194	0.15	0.45	0.047483645	0.22	0.014116258	0.0443	2478	978	1255508.346	10	223020	1729630.015	1298739.551	33258.89187	11045.45374	1270915.615
Madrid	390163	SanyRes Loreto					2016	18975322.11	81	39	42		25	49	49	2340	2630	1980	2270			0.421031565	3469707.605	3628487.985	0.07	0.34	0.130818577	0.19	0.014116258	0.0443	22260	10509.93	11506061.17	6	4623633.505	18430906.9	16069863.15	234263.2359	128113.7105	15276767.65
Madrid	432750	Rda. Los Enebros					2016	1598158.338	25	12	13		25	13	0	1600	2000	1400	1800			0.267989484	727823.88	777606.9315	0.176	0.316010516	0.052435103	0.24	0.014116258	0.0443	742	1255.9	967660.7116	16	388075.1447	1549267.999	1018602.864	63926.33353	12901.05709	1357368.125
Madrid	433228	Residencia Galdama_Fuenlabrada	Av. de los Andes, 18, 28945 Fuenlabrada, Madrid, 	Madrid	40.2949046	-3.7872938	2016	5157438.981	89		89		8	8	11			1448.75	1593.625			0.23	2318018.637	2553119.231	0.1	0.45	0.081404538	0.22	0.014116258	0.0443	5241.81	4969.32	4783325.315	6	665868.323	6405858.702	5424320.347	57948.7526	35276.84406	4206545.481
Madrid	468330	EEE Conde los Gaitanes_Alcobendas	Alcobendas, Madrid, 	Madrid	40.5372512	-3.6372245	2017	5013931.235	43	20	23		17	46	3	2111.85	2428.6275	1805	2075.75			0.241592176	1592589.207	1723483.37	0.15	0.398407824	0.091577545	0.21	0.014116258	0.0443	18754.76	3448.53	3754283.683	1	5327194.559	9832334.979	9765967.9	116603.052	29954.58237	3798296.692
Madrid	470264	Santa Matilde					2017	1881732.717	44	13	31	0	56	20	0	1430	1630	1300	1500			0.136548027	2045684.16	2233971.275	0.039928932	0.388623041	0.037373357	0.4349	0.014116258	0.0443	5241.81	1623.55	1968189.108	6	1837837.995	4199664.924	3765810.564	42766.65265	11867.7968	1439787.693
Madrid	473594	Residencia Castillo_Villaviciosa Odon					2017	1953047.522	37	7	27		3	58	12	1525	1677.5	1143.75	1258.125			0.199385458	1071783.801	1146152.248	0.153850021	0.510830636	0.068967325	0.135933885	0.014116258	0.0443	1959	2596.25	1875141.078	12	366949.8461	2617119.14	1845311.072	52785.06817	14524.01798	1631673.124
Madrid	480174	Residencia Ancianos Casablanca					2017	7214059.313	107	23	54	30	45	45	25	1739	1888.554	1417.9806	1567.49982	710		0.287282101	2398252.258	2589602.157	0.1	0.455331584	0.086644657	0.157386314	0.014116258	0.0443	4590	7583.43	5268482.39	4	531819.6236	6853998.492	6133270.101	67421.11508	47646.50187	5860772.183
Madrid	505969	Fundación Manantial					2017	3100577.256	144	38	50	21	144	0	0	2737.5		761.25		1087.5		0.167878712	2129399.455	2150773.436	0.176	0.416121288	0.069673808	0.24	0.014116258	0.0443	5241.81	3379.1	3762839.065	0	766703.1993	5282110.077	5282110.077	21531.7865	19958.61402	2495326.407
Madrid	321690	Sanyres Loreto					2017	11667226.52	125	101	22		25	31	92	1600.733136	1764.062182	1448.627273	1596.436364			0.381592821	3138458.98	3250482.324	0.12	0.388407179	0.101343371	0.11	0.014116258	0.0443		8233.66	7866072.361	8	3940052.887	13379339.72	11217743.03	93337.81219	80037.83671	9509544.18
Madrid	379700	Los Nogales	Calle Alcobendas, 12, 28033 Madrid	Madrid	40.47887	-3.642025	2017	1608750.099	25	12	13		25	13	0	1600	2000	1400	1800			0.277663275	750807.792	777606.9315	0.176	0.306336725	0.051002715	0.24	0.014116258	0.0443	742	1267.9	971745.1094	17	412238.8098	1578332.941	1011611.193	64350.00394	13144.07091	1371854.043
Madrid	379704	Valdeluz El Escorial	19139 Valdeluz, Guadalajara, 	Guadalajara	40.5921932	-3.1095699	2018	11901058.82	153	128	0	0	178	0	0	2271.25						0.248086177	4233436.2	4653196.791	0.126868681	0.495333333	0.082372289	0.129711808	0.014116258	0.0443	4045.4	9776.59	8840609.257	11	9058752.53	19667483.64	16336342.07	77784.69816	81724.61916	9444276.12
Madrid	379742	La Suiza Santa Rita	nº4, Calle de Berna, 28294 Robledo de Chavela, Madrid, 	Madrid	40.5126523	-4.2399445	2018	10261816.25	110	35	75		111	74	0	1950	2145	1560	1716			0.193913708	2376410.4	3514992.981	0.16	0.436086292	0.113014226	0.21	0.014116258	0.0443	20979	10919.6	6811511.887	0	1013378.098	9187192.363	9187192.363	93289.23865	64602.34632	8114859.994
Madrid	390163	SanyRes Loreto					2018	4230383.457	175	30	90		0	0	0							0.22901781	1819898.65	2185435.337	0.10715	0.476912779	0.042821356	0.186919411	0.014116258	0.0443		2058.14	1962311.993	6	3431722.055	5786496.447	5393249.123	24173.61975	26118.48872	3425677.941
Madrid	432750	Rda. Los Enebros					2018	5887224.19	55	1	54		16	44	49	2082	2200	1527	1618			0.255932349	1982839.363	2147018.832	0.1	0.474067651	0.084579079	0.17	0.014116258	0.0443	959.93	3669.72	4255795.797	8	3318714.779	8425669.735	7256177.05	107040.4398	39205.3854	4677655.124
Madrid	506713	Residencia Dunial Hall					2017	1700271.83	0	0			0	0	0	2147.41						0.717	0	0	0	0	0	0	0.014116258	0.0443	482	1342.83	1192315.61	5	1349230.558	2780009.29	2575407.931	48579.19513	10955.25656	1338718.993
Valencia	358317	residencia geriatrica la Vila	03570 Villajoyosa, Alicante, 	Alicante	38.5079606	-0.2285807	2015	2953367.763	44	9	20	15	22	18	7	1557	1515	935	1210	962		0.212355047	776969.2476	934999.6628	0.08	0.4	0.09019327	0.15	0.0443	0.09019327		4998.18	2177350.867	6	0	2612821.04	2166028.642	67121.99461	19437.05605	2386039.969
Valencia	386319	SAVIA SILLA	Ctra. Valencia-Alicante, 46460 Silla, Valencia, 	Valencia	39.3501439	-0.4081836	2016	2519610.966	99	14	55	30	44	12	98	1576.735458	1576.735458	1409.13188	1409.13188	435.38		0.064591093	2067816.883	2354277.067	0.083	0.534032163	0.06484638	0.232	0.0443	0.06484638	11510.85	11510.85	3399428.066	11	24864.35	4104178.029	2823273.534	36516.10096	18607.43516	2116839.952
Valencia	386325	SAVIA ALBORACHE	Calle San Jaime, s/n, 46369 Alborache, Valencia, 	Valencia	39.3899192	-0.7707848	2016	2456264.547	69	14	55		14	12	98	1576.735458	1576.735458	1409.13188	1409.13188	435.38		0.058934897	2017423.39	2299189.454	0.083	0.534032163	0.072387975	0.232	0.0443	0.072387975	13804	13804	3704647.215	12	30216.12	4475792.778	2950959.984	35598.03692	18451.93109	2072947.037
Valencia	484131	Residencia Geriatrica El Saler					2017	3947563.062	78	35	43		73	24	24	1695	1864.5	1440.75	1610.25			0.194452718	2324426.134	2407088.54	0.159853769	0.513029854	0.0771054	0.132663659	0.014116258	0.0443	5241.81	5370.73	4546570.425	12	1281079.484	6736963.994	4865595.607	50609.78285	28709.05006	3275081.099
Valencia	526843	Residencia Novaedat_Xativa	Avenida Rivera, 2, 46800 Xàtiva, Valencia, 	Valencia	38.9948261	-0.5155768	2017	4976453.725	78	36	42		26	14	14	1444.545455	1572.272727	1338.636364	1444.545455			0.169743262	2429839.401	2716027.084	0.191	0.522256738	0.070778682	0.117	0.014116258	0.0443	6500	5223.98	4361832.625	7	622271.7376	5856470.887	4809631.057	63800.68878	33813.25116	4052420.058
Valencia	539523	Residencia Ballesol Costa Blanca Senior Resort - Villajoyosa	Carrer Tramuntana, 2, 03570 La Vila Joiosa, Alicante, 	Alicante	38.52359	-0.1704881	2017	10030750.56	149	116	33		82	70	30	1454.545455	1672.727273	1309.090909	1505.454545			0.242899964	3047903.712	3307145.279	0.13	0.462613039	0.18859315	0.218	0.014116258	0.0443	9609	24774.57	14586713.65	8	3102505.767	20606562.15	16598133.24	67320.47354	68328.65527	8152397.463
Valencia	552137	Residencia Virgen de Cortes					2018	1283891.939	23	2	21		24	11	8	1363.636364	1363.636364	1090.909091	1090.909091			0.26	586317.4756	620749.729	0.1	0.4	0.098233052	0.24	0.014116258	0.0443	1947	2631.74	1459766.603	13	134503.87	1886223.793	1236335.702	55821.38864	9641.361588	1084262.523
Valencia	587770	Residencia Novaedat Estivella					2018	1760996.092	39	4	35		30	22	22	1390	1529	1181.5	1299.65			0.177500362	1016217.011	1103144.179	0.15	0.462499638	0.056709189	0.21	0.014116258	0.0443	4549	1751.47	1462413.521	8	202063.792	1956960.018	1555088.782	45153.74594	12175.91536	1446658.353
Valencia	596303	Residencia 3ª edad Odamar					2018	837985.3797	14		14		1	19	8			1400	1498			0.184616761	495382.5677	518888.9202	0.1524	0.452983239	0.056800297	0.21	0.014116258	0.0443	1788	2122.76	714038.4965	8	149302.0434	1006148.239	809930.4604	59856.09855	5760.864163	687337.6068
Valencia	618240	Residencia Geriatrica Torrevieja	Calle Maestro Francisco Casanovas, 26, 03182 Torrevieja, Alicante, 	Alicante	37.9829089	-0.6735777	2018	8029071.803	141	103	38		72	107	0	1599	1758.9	1279.2	1407.12			0.239888894	2512622.549	2885501.747	0.176	0.374111106	0.094562126	0.21	0.014116258	0.0443		10183.52	6024474.407	16	4739641.548	11969010.84	8665189.071	56943.77166	62258.90387	6618030.021
