CCAA;exp_ibertasa;title;Full_Address;City;latitude;longitude;Anno;Value;Total_Rooms;Individual_Rooms;Double_Rooms;DayCenter_Rooms;Validos;Assisted_1;Assisted_2;Ind_valid_price;Ind_assist1_price;double_valid_price;double_assist1_price;day_valid_price;day_assist1_price;ebitda;revenue1;revenue5;cost;Personnel;Amortization;Other_costs;Working_Capital;CAPEX;Ground_Area;Built_Area;Construction_Costs;Old;Ground_Value;VRB;VRN;sectorial_ratio;Rent_Optima;Fast_Sale
Andalucía;391855;Residencia Churriana GRANADA;Calle Sta. Bárbara, 34, 18194 Churriana de la Vega, Granada, ;Granada;371.430.215;-36.488.155;2016;1.247.662.525;31;2;9;20;32;8;0;1584;1760;1440;1600;500;500;0.219017879;438.778.368;5.294.573.223;0.176;0.364648788;0.088761503;0.240333333;0.014116258;0.0443;2163;2497;988085.56;3;76817.84;1.262.520.512;1.160.550.082;4.024.717.824;8.234.284.346;1.000.760.762
Andalucía;396425;Residencia geriatrica Cantillana_SEVILLA;Seville, ;Seville;373.890.924;-59.844.589;2016;1.913.246.077;42;2;40;0;5;16;0;1200;1200;1200;1200;;;0.21;1.320.501.334;1.328.402.604;0;0.65;0.072274447;0.14;0.014116258;0.0443;831;3350.86;2.755.337.319;16;2.039.772.628;3.510.382.045;1999355.06;4.555.347.803;1.565.179.876;1.646.783.871
Andalucía;424415;Residencia Ballesol_SEVILLA;C/ Alas, s/n. Esq, Calle Flor de Azalea, 41020 Sevilla, ;Sevilla;37.391.905;-59.186.538;2016;4.317.139.038;61;19;42;;52;26;26;1949;2241.35;1559.2;1793.08;;;0.203785432;2.071.071.202;2.257.361.912;0.126;0.444214568;0.093769365;0.226;0.014116258;0.0443;2226.7;4399.17;4.928.177.072;8;4.829.252.908;6.396.737.777;5.042.474.718;7.077.277.111;3.030.466.046;3.555.903.548
Andalucía;450155;residencia ancianos san rafael ALMERIA;Urbanización, Calle Torre del Campo, s/n, 04100, Almería, ;Almería;369.495.391;-21.718.409;2016;4.776.961.285;75;59;6;10;10;0;37;;;;;;;0.271306191;2.209.604.186;2.276.613.753;0.092839759;0.48;0.073088299;0.15585405;0.014116258;0.0443;43931;18501.24;4.652.762.143;11;298730.08;5.889.424.572;4.136.263.796;6.369.281.713;3.536.342.176;4.023.053.332
Andalucía;460855;Residencia Facinas JEREZ;11391 Facinas, Cádiz, ;sCádiz;361.445.803;-57.016.872;2017;5.435.466.119;73;31;42;;3;22;5;1.727.272.727;1.363.636.364;1.363.636.364;1.363.636.364;;;0.272137328;1.893.102.647;2.072.584.996;0.060313425;0.583169646;0.127134785;0.084379602;0.014116258;0.0443;79617;24761.86;6.104.182.565;7;218959.12;7.543.978.198;6.078.974.383;7.445.843.999;3.769.153.374;4460170.74
Andalucía;526934;Gades II_Cadiz;Cádiz, ;Cádiz;365.270.612;-62.885.962;2017;1.519.774.784;32;7;25;;57;0;0;1800;;1500;;;;0.183617477;696945.6;769.494.991;0.053673128;0.483179749;0.084479782;0.279529646;0.014116258;0.0443;321;1370;1493875.4;10;942466.38;2735116.86;2.222.418.823;4.749.296.201;1.045.533.943;1.222.461.975
Andalucía;526935;Gades I_Cadiz;Cádiz, ;Cádiz;365.270.612;-62.885.962;2017;9.586.296.908;27;12;15;0;0;42;0;;1400;;1300;;;0.141677595;546393.6;6.021.938.295;0.176;0.441989072;0.077449844;0.240333333;0.014116258;0.0443;0;1520;1073518.49;12;8.234.192.538;2.111.641.442;1.669.781.231;3.550.480.336;6.719.370.538;766.534.713
Andalucía;527130;Residencial Ancianos Nta. Se?ora Amparo HUELVA;Huelva, ;Huelva;37.261.421;-69.447.224;2017;7.073.873.229;22;22;;;2;0;0;1.181.818.182;;;;;;0.239060513;3.333.918.103;3.644.042.278;0.176;0.344939487;0.090216919;0.24;0.014116258;0.0443;1720;984.58;7.634.097.775;15;7.822.398.545;9.943.157.185;601.312.365;3.215.396.922;5.525.283.988;6.009.651.593
Andalucía;544232;Residencia Fundomar Bermajales_Sevilla;G, Av. de Italia, 9, 41012 Sevilla, ;Sevilla;373.508.491;-59.807.505;2017;11018382.78;168;85;33;30;10;0;111;;;;;967.5;;0.269871946;3.743.257.095;4.068.894.874;0.142;0.516128054;0.107241291;0.072;0.014116258;0.0443;4950;12171.27;10175975.91;6;1.844.714.611;14055885.7;11967775.45;6.558.561.178;7.385.681.712;8.960.225.571
Andalucía;544242;Residencia Bormujos SEVILLA;Carretera Castilleja - Bormujos, Km, 1, 41930 Bormujos, Sevilla, ;Sevilla;37.380.035;-6.065.347;2017;3.502.803.037;108;8;34;64;133;0;0;2100;;1890;;550;;0.220607165;1.898.771.616;2.061.192.473;0.176;0.363392835;0.061521794;0.24;0.014116258;0.0443;3494;3093;2964367.35;17;7.878.647.067;4.345.105.527;2.616.286.488;3.243.336.145;2.864.246.941;2.989.430.577
Andalucía;585460;Residencia geriatrica Cantillana_SEVILLA;Seville, ;Seville;373.890.924;-59.844.589;2018;1.490.865.558;42;2;40;;2;0;17;1140;;1200;;;;0.140956242;1.280.506.717;1359822.83;0.082274886;0.646983721;0.082495742;0.129785151;0.014116258;0.0443;831;3350.86;2.802.520.825;17;208.687.048;3.571.712.038;1.937.281.893;35.496.799;12.237.104;1.277.193.399
Andalucía;606626;Residencia Dos Hermanas SEVILLA;Calle Juan de Mena, 2, 41701 Dos Hermanas, Sevilla, ;Sevilla;372.818.398;-59.345.913;2018;1.225.588.804;20;9;11;;7;14;0;1250;1350;1400;1458;;;0.229803511;5.520.829.631;5.903.014.063;0.113413795;0.481811644;0.062890642;0.17497105;0.014116258;0.0443;811;1059.5;8.810.908.155;8;155687.47;1.212.996.449;9.708.726.925;612.794.402;8.438.260.239;1.006.781.871
Andalucía;613314;Residencia Los Higuerones_JAEN;Jaén, ;Jaén;377.795.941;-37.849.057;2018;9.423.726.976;22;1;21;;28;0;0;1416;;1180;;;;0.24;512946;5.569.800.997;0.135;0.45;0.10677396;0.175;0.014116258;0.0443;10050;1567.87;1.388.129.383;16;28642.5;1694397.76;1.076.402.558;4.283.512.262;6.964.676.516;7.832.439.085
Andalucía;623299;Residencia Benasol Benalmadena MALAGA;Calle Cantueso, 2, 29631 Benalmádena, Málaga, ;Málaga;366.001.348;-45.524.022;2016;8.940.475.679;10;0;10;;20;0;0;1790;1900;1490;1600;750;;0.245674616;346514.4;3.665.504.547;0.15;0.434325384;0.085131809;0.17;0.014116258;0.0443;0;703.38;7.482.978.468;5;3.005.948.463;1.198.552.263;1.070.144.352;8.940.475.679;5.888.018.924;7.195.087.329
Andalucía;626220;Resd El Carmen Ubeda Jaén V01;23400 Úbeda, Jaén, ;Jaén;380.114.236;-33.712.457;2018;8.251.155.038;36;6;10;20;32;14;0;1.390.909.091;1.390.909.091;2.436.363.636;2.436.363.636;4.958.677.686;4.958.677.686;0.141468015;4.943.868.099;5.436.631.132;0.077104441;0.606812306;0.055171255;0.174615239;0.014116258;0.0443;5241.81;829.49;6.918.964.164;5;2.108.825.535;1.041.158.253;9.224.288.281;2.291.987.511;5.448.668.148;6.628.975.486
Aragón;322894;Residencial Las Adelfas de Ebro ZARAGOZA;km 352,7, Ctra. Barcelona, 50175 Osera de Ebro, Zaragoza, ;Zaragoza;41.540.039;-0.5839489;2015;1.347.010.494;41;20;21;0;25;37;0;995;1243.75;895.5;1.119.375;;;0.23;6.250.007.925;7.318.889.908;0.1;0.45;0.096856226;0.22;0.014116258;0.0443;;11492.4;1748828.76;10;227.751.552;2.326.346.064;1.726.148.034;3.285.391.449;9.880.718.927;1.119.884.381
Aragón;340250;Residencia Fundacion Hospital de Jesus ATECA_;Av. 20 de Noviembre 82, Centro Histórico de la Cdad. de México, Centro, Cuauhtémoc, 06090 Ciudad de México, CDMX, Mexico;MXMexico;194.287.427;-991.335.583;2015;5.082.511.266;22;5;17;0;6;10;23;866;803;699;642.4;;;0.2;340.121.628;4.101.990.669;0.15;0.45;0.083676896;0.2;0.014116258;0.0443;;1076.9;8.130.033.935;20;62.858.653;1.038.462.725;481392.8;2.310.232.393;4.673.641.545;4.441.770.932
Aragón;464945;_26411 Residencia Sanitas ZARAGOZA real;Av. de Cataluña, 1, Centro Residencial, 50015 Zaragoza, ;Zaragoza;416.585.821;-0.8739086;2016;13294475.54;148;86;62;;168;21;21;2200;2500;1900;2100;;;0.277755759;4.858.214.736;5.280.261.168;0.136;0.385944241;0.066385905;0.2003;0.014116258;0.0443;1257;7902.44;8547165.66;6;4.821.447.788;15078046.58;13324168.19;8.982.753.745;9.042.256.872;10782332.09
Aragón;542675;Residencia Fundacion Hospital de Jesus ATECA;Av. 20 de Noviembre 82, Centro Histórico de la Cdad. de México, Centro, Cuauhtémoc, 06090 Ciudad de México, CDMX, Mexico;MXMexico;194.287.427;-991.335.583;2018;4.745.463.804;22;5;17;;6;10;23;875;805;700;644;;;0.2;351454.95;4.103.037.069;0.15;0.45;0.091102929;0.2;0.014116258;0.0443;806;1076.9;8.130.033.935;22;6.367.230.438;1.039.276.377;4.256.214.152;2.157.029.002;470.366.603;4.203.444.205
Aragón;598273;Residencia de Alcubiere;C/ Santa Ana, 22251 Alcubierre, Huesca;Huesca;41.807.045;-0.44895;2018;1.395.490.245;47;;22;25;40;20;9;;;1100;1188;600;;0.025861006;6.331.076.352;7.034.538.342;0.154087722;0.545444378;0.063048657;0.133975221;0.063048657;0.16649268;2298.5;1273.94;1.012.377.187;7;1.542.951.566;1.369.147.781;1.126.177.256;2.969.128.182;9.461.470.364;1.138.772.041
Aragón;626853;Residencia 3ª edad Luz de Moncayo;Calle Moncayo, 4, 50511 Malón, Zaragoza;Zaragoza;4.194.959;-1.671.299;2018;1.326.022.325;37;5;22;10;25;25;10;1100;1298;990;1168.2;700;;0.180456772;6.267.635.942;7.148.682.605;0.083;0.587143228;0.079584419;0.1494;0.014116258;0.0443;4061.35;2679.85;1.265.594.334;10;9.784.187.375;1.616.555.074;1.182.203.099;3.583.844.122;9.372.575.072;1.095.862.713
Asturias;183176;Residencia Pancar-Llanes;La Carúa, 33509 Pancar, Asturias, ;Asturias;434.137.851;-47.588.577;2012;1.781.436.733;34;4;30;;40;0;0;1650;;1400;;;;0.2117;875578.5;1.053.364.718;0.05;0.4953;0.082797196;0.243;0.014116258;0.0443;1885;1990.65;1893566;1;315.637.464;2.587.916.663;2.522.020.567;;;
Asturias;264597;Residencia Seana;Ctra. de Seana, 22, 33618 Seana, Asturias;Asturias;43.255.754;-5.789.548;2014;2.246.788.836;32;11;21;0;5;27;21;1.272.727.273;1.318.181.818;1.181.818.182;1.227.272.727;;;0.38;6.925.659.982;7.159.769.121;0.09;0.42;0.076498874;0.11;0.014116258;0.0443;1678;2342.35;1.405.225.628;3;750.114.612;1.761.282.215;1616262.93;;;
Asturias;326694;RESIDENCIA LA GUÍA - GIJON;Av. del Jardín Botánico, 148, 33203 Gijón, Asturias, ;Asturias;435.333.649;-56.336.545;2015;5.239.016.545;11;0;11;0;13;7;2;;;1200;1500;;;0.23;258073.2;2.993.889.313;0.16;0.45;0.083863521;0.16;0.014116258;0.0443;246.3;594.7;618.874.555;14;1.867.429.202;9.293.923.862;6.323.325.998;4.762.742.314;4.096.947.093;4.408.731.751
Asturias;396269;Residencia Parque de la Luz;Calle Capitán Gral. Gutiérrez Mellado, 1, 33510 Pola de Siero, Asturias;Asturias;43.392.226;-5.666.042;2016;8.717.684.533;22;;22;;3;4;7;;;1220;1342;;;0.164333333;6.853.220.042;6.947.737.077;0.1;0.495333333;0.050199788;0.240333333;0.014116258;0.0443;;840.03;8.721.769.419;11;126.039.726;1.172.652.056;8.440.157.846;3.962.583.879;6.381.192.259;7.259.443.657
Asturias;433503;Palacio Leceñes;Barrio de Leceñes, s/n, 33938, Asturias;Asturias;43.363.447;-5.648.144;2016;5.372.443.097;70;34;36;;42;28;15;1395;1618.2;1255.5;1.472.562;;;0.336557099;1.313.139.504;1.645.957.978;0.072874519;0.380913305;0.194850852;0.209655078;0.014116258;0.0443;8099.85;6858.14;6.491.392.536;3;4.222.585.326;8.211.929.576;7.542.017.866;7.674.918.709;3.570.613.843;4.339.575.948
Asturias;514313;SERVIHABITAT - Residencia SANTIRSO;Aldea el Bosque, 8, 33195 Oviedo, Asturias, ;Asturias;433.439.285;-58.316.213;2017;9.070.719.018;19;;19;;30;8;0;;;1350;1550;;;0.165;549539.28;6.359.694.839;0.1;0.495;0.058932295;0.24;0.014116258;0.0443;5336;789.17;8.212.497.605;2;1.680.853.183;1.153.585.031;1.097.411.547;4.774.062.641;5.818.939.019;7.240.047.927
Asturias;514334;CENTRO GERONTOLÓGICO JOCA;Los Cuetos 9, 33188, Asturias, ;Asturias;433.857.956;-57.203.739;2017;4.828.848.437;76;;76;;30;46;76;;;1300;1600;;;0.185;2829790.08;3.092.916.339;0.1;0.495;0.052925408;0.22;0.014116258;0.0443;2952.28;3764.52;3.797.233.679;4;4.035.264.583;4.960.206.873;4.440.745.306;6.353.747.944;3.178.332.501;3.909.517.379
Asturias;528095;Sierra del Aramo;Sierra del Aramo, 33161, Asturias, ;Asturias;432.491.667;-59.513.889;2017;1.105.282.618;18;2;6;;10;10;5;1.339.090.909;1.339.090.909;1.283.636.364;1.283.636.364;;;0.286125269;3.760.316.162;4.083.052.763;0.071884204;0.423357108;0.135017776;0.218633419;0.014116258;0.0443;548;1237.37;1.287.669.091;7;1.258.305.505;1.671.033.459;1.361.992.877;614.045.899;7.507.387.958;9.035.808.575
Asturias;545688;_Geriatrico Salinas;Calle Ramón y Cajal, 24, 33405 Salinas, Asturias, ;Asturias;435.744.016;-59.578.552;2018;7.374.221.479;13;1;12;;25;0;0;1851.3;;1683;;;;0.174;481371.66;5.405.994.094;0.156;0.45;0.049416588;0.22;0.014116258;0.0443;1240;580;603553.8;10;150109.8;874374.36;6.672.346.958;5.672.478.061;5.184.884.426;6.062.284.345
Asturias;549859;Residencia Rivera Onis;Av. del Parque, 10, 33940 San Martín del Rey Aurelio, Asturias, ;Asturias;432.878.932;-56.418.506;2018;8.648.280.774;15;5;10;;8;13;5;1.609.090.909;1.609.090.909;1.345.454.545;1.345.454.545;;;0.207353974;4.316.187.273;4.515.402.169;0.1;0.532646026;0.073562179;0.16;0.014116258;0.0443;109.35;808.57;8.414.424.134;6;2.187.990.711;1.228.529.967;1.055.865.984;5.765.520.516;5.781.162.252;7.013.640.698
Asturias;552292;Residencial San Esteban;Lugar Sograndio nº 17, 33193 Oviedo, Asturias, ;Asturias;433.463.583;-59.310.885;2017;5.402.423.699;10;1;9;;6;7;7;1300;1400;1250;1350;;;0.2;251724.78;309.689.598;0.15;0.45;0.064836152;0.2;0.014116258;0.0443;4487;405.85;414.064.404;3;1.579.771.125;6.548.543.973;6.121.229.508;5.402.423.699;3.494.847.854;4.324.683.571
Asturias;556911;Geriatrico Nadal;Calle Samuño, 5, 33909 Langreo, Asturias;Asturias;43.288.173;-5.674.958;2018;7.951.217.516;33;3;11;19;44;0;0;1.386.363.636;;1.295.454.545;;7.363.636.364;;0.174;5.557.974.545;5.865.928.026;0.156;0.45;0.074593007;0.22;0.014116258;0.0443;708;870.42;9.076.327.698;8;602.939.934;1.149.453.317;889.466.066;2.409.459.853;5.845.615.032;6.668.581.255
Asturias;564378;Residencia Castillo;Ctra. Piles al Infanzón, 132, 33203 Gijón, Asturias;Asturias;43.556.496;-5.592.788;2018;1.580.660.773;22;2;20;;42;0;0;1.404.954.545;;1.136.363.636;;;;0.295;535120.56;5.656.171.694;0.1;0.495;0.08645615;0.11;0.014116258;0.0443;1341;1127;1172767.47;6;405731.27;1.813.052.234;1.572.400.349;7.184.821.696;1.051.004.217;1.275.066.437
Asturias;578074;Residencia Pancar-Llanes;La Carúa, 33509 Pancar, Asturias, ;Asturias;434.137.851;-47.588.577;2016;2129387.06;34;4;30;;40;0;0;1985.94;;1683;;;;0.2047;1042424.67;1.174.468.095;0.06;0.4953;0.078330378;0.24;0.014116258;0.0443;1885;1990.65;2.071.569.923;3;250.702.461;2.736.586.368;2.522.800.352;6.262.903.117;139.016.684;1720255.63
Asturias;578083;_ Residencia CostaMar_Gozon;Balbín, S/N, 33449 Luanco, Asturias;Asturias;43.615.112;-5.806.475;2018;3.816.682.472;50;;50;;50;25;25;;;1282.24;1342.79;;;0.227774978;1.488.769.416;1.645.553.061;0.176;0.386225022;0.199502116;0.21;0.014116258;0.0443;11294;10826.73;7527796.92;13;480446.76;9.513.803.064;6.162.427.875;7.633.364.944;2.853.661.666;3.209.213.108
Asturias;580107;geriátrico perlora;Urb. La Estaquera, 19, 33491 Perlora, Asturias;Asturias;43.584.801;-5.751.285;2018;4.760.951.419;6;1;5;;11;0;0;1400;;1100;;;;0.35;136598.4;1.509.837.003;0.09;0.34;0.078224035;0.22;0.014116258;0.0443;565.8;272.3;283.368.995;5;82.041.267;422.084.061;3.734.579.415;7.934.919.032;3.163.682.695;3.865.981.676
Asturias;625528;_residencia el nadal;Calle Samuño, 5, 33909 Langreo, Asturias;Asturias;43.280.347;-5.671.508;2018;7.954.093.872;33;3;11;19;44;0;0;1.386.363.636;;1.295.454.545;;7.363.636.364;;0.174;5.557.974.545;5.865.928.026;0.156;0.45;0.074593007;0.22;0.014116258;0.0443;708;870.42;9.076.327.698;8;6.121.762.512;1.150.376.949;8.903.896.977;2.410.331.476;5.847.262.542;6.670.460.706
Asturias;;Residencia El Sueve - Cereceda;La Cruz, s/n, Cereceda  Piloña, 33583, (Asturias);Asturias;43.382.419;-5.261.841;2016;6.545.727.949;13;1;12;;13;5;8;1514.7;1814.7;1683;1983;;;0.169;4.701.762.828;5.421.572.205;0.146;0.465;0.059689991;0.22;0.014116258;0.0443;8177;683.7;711.492.405;11;62353.44;916.144.326;6.480.539.878;5.035.175.345;46.977.774;5.428.854.533
Castilla_La_Mancha;326789;Residencia Sequera;Calle San Blas, 22, 45662 Alcaudete de la Jara, Toledo, ;Toledo;397.897.111;-48.683.252;2015;2.108.445.068;80;20;60;0;0;80;43;;1.153.636.364;;8.945.454.545;;;0.3;7.679.513.005;9.269.505.877;0.12;0.4;0.0620871;0.18;0.014116258;0.0443;2275;3614.5;1.401.009.432;8;4.926.340.101;1702454.53;1.323.873.762;2.635.556.336;1.513.919.223;1748792.4
Castilla_Leon;361761;Residencia Villarcayo (2015)_BURGOS;Villarcayo de Merindad de Castilla la Vieja, Burgos, ;Burgos;42.944.825;-3.561.026;2015;1.810.306.674;26;5;21;0;34;2;11;1300;1400;1200;1300;;;0.26;5.751.927.418;7.053.575.419;0.13;0.4;0.112486836;0.21;0.014116258;0.0443;1085.08;2596.8;1.797.266.983;0;537070.18;2.693.790.559;2.693.790.559;6.962.717.975;1.157.757.403;1.427.412.889
Cantabria;365787;Barcena de Cicero-Cantabria;39420 Bárcena de Pie de Concha, Cantabria, ;Cantabria;431.276.249;-4.055.505;2015;1.804.944.621;30;3;27;0;0;1;1;1.236.133.306;1.421.674.688;1.236.133.306;1.421.674.688;;;0.203159464;1.111.295.386;1.139.589.804;0.146;0.440840536;0.035106163;0.21;0.014116258;0.0443;;1187.2;1.115.576.866;7;2.748.805.223;1.613.572.762;1.345.834.314;6.016.482.069;1.256.008.413;1.486.278.593
Castilla_La_Mancha;367302;Residencia Barajas de Melo;Calle Barranco de la Viña, 10, 16460 Barajas de Melo, Cuenca, ;Cuenca;40.124.258;-2.911.098;2015;1.509.980.537;50;20;30;;16;24;40;1.045.454.545;1.227.272.727;9.090.909.091;1.090.909.091;;;0.194;7.274.781.818;9.145.309.091;0.146;0.45;0.074321447;0.21;0.014116258;0.0443;2163;2530.08;1.433.138.515;4;156133.91;1.875.900.128;1.679.846.779;3.019.961.073;1.008.501.441;1218659.89
Castilla_Leon;401709;Residencia El Portillo_Valdefresno LEON;León, ;León;425.987.263;-55.670.959;2016;2.607.489.644;54;3;51;;60;32;14;1265;1366.2;1150;1242;;;0.149825254;1157540.1;1.377.181.393;0.08268504;0.527156373;0.139392116;0.240333333;0.014116258;0.0443;2163;13988.48;4.092.259.967;7;81801.01;4.992.512.971;4.010.370.579;4.828.684.527;1.800.295.261;2.130.352.217
Cantabria;423816;Residencia Puente Viesgo;Barrio La Estación, s/nº, 39670 Puente Viesgo, Cantabria, ;Cantabria;432.978.363;-39.643.263;2016;5.364.198.414;96;18;58;20;46;34;34;1799.6;2129.6;1636;1936;550;;0.219;2.585.985.234;2.901.348.488;0.136;0.445;0.091358758;0.2;0.014116258;0.0443;4581.85;9153.27;5.990.756.625;9;1.136.656.833;8.325.564.783;6.478.015.439;5.587.706.681;3.795.525.377;4.412.335.666
Castilla_Leon;426923;Residencia Ntra. Sra. de la Asunción_LEON;Av. de Mariano Andrés, 193, 24008 León, ;León;426.196.202;-55.671.742;2016;1.341.578.041;30;;30;;0;0;0;;;;;;;0.240186606;6.903.220.464;7.438.076.715;0.15;0.399813394;0.158873798;0.21;0.014116258;0.0443;4260;4940.22;2.119.305.996;14;5.830.824.005;2.601.475.435;1.584.208.557;4.471.926.804;1.197.504.474;1.172.730.037
Castilla_La_Mancha;440610;Residencia Virgen de la Oliva;Avda. de Portugal, 57, Pantoja, Toledo, España;Toledo;400.476.639;-38.357.717;2016;3.989.608.475;283;114;169;;61;218;79;1.145.454.545;1.424.754.545;1.090.909.091;1.356.909.091;;;0.141201901;2.351.072.769;3010045.6;0.088464766;0.53;0.22424362;0.240333333;0.014116258;0.0443;31759.72;43891.33;13371345.97;14;1.952.338.541;17997953.7;11579707.64;1.409.755.645;3.051.326.799;3.328.831.711
Castilla_Leon;469377;Geriatrico Conde de Aldama_PONFERRADA;Calle Andres Viloria, 3, 24404 Ponferrada, León, ;León;4.255.002;-661.096;2017;2.228.394.236;27;4;22;;19;20;10;1.416.663.636;1.597.222.727;1.231.481.818;1.439.818.182;;;0.259171595;8.023.614.868;870.204.531;0.076771598;0.535918046;0.082987159;0.128138761;0.014116258;0.0443;2422;2499.39;1.799.070.135;7;9.627.646.475;2.989.285.972;2.583.981.707;8.253.311.984;1.521.208.616;1.800.099.249
Castilla_Leon;479361;calle Fernan Gonzalez - BURGOSs;Calle de Fernán González, 09003 Burgos, ;Burgos;423.406.925;-37.059.975;2017;5.491.641.343;60;20;40;;25;65;10;2111.85;24.286.275;1805;2075.75;;;0.204155956;2.293.555.351;2.471.383.446;0.176;0.409844044;0.112477086;0.21;0.014116258;0.0443;5753.77;4893.9;6.542.778.851;0;1.680.614.199;9531948.82;9531948.82;9.152.735.571;3.457.486.578;4.343.034.133
Castilla_La_Mancha;490117;Residencia Ancianos Poblete;Av. de Cdad. Real, S/N, 13195 Poblete, Cdad. Real, ;Ciudad Real;389.394.484;-3.977.242;2017;6.796.643.179;149;95;40;;122;61;20;1.157.024.793;1.319.008.264;106.446.281;1.226.677.686;;;0.274363529;2.602.624.744;2.825.253.172;0.176;0.309303138;0.084896226;0.240333333;0.014116258;0.0443;7420.32;8563.85;5606123.32;10;5.687.759.932;7.296.123.977;5.372.102.454;4.561.505.489;4.830.844.168;5.648.332.453
Castilla_Leon;497427;Residencia Bellaluz;;;;;2017;7.768.574.014;30;11;19;;8;24;8;1100;1397;990;1257.3;;;0.204666667;352.805.807;6.550.366.057;0.1;0.495333333;0.149326595;0.2;0.014116258;0.0443;;1376.07;1.337.713.908;22;2.020.738.187;1.807.330.508;7.976.240.505;2.589.524.671;7.615.787.201;6.805.869.372
Cantabria;499138;RESIDENCIA VIRGEN DE LA OLIVA SANTANDER CIRCULAR-Cantabria;Av. de Cantabria, 35, 39012 Santander, Cantabria, ;Cantabria;434.757.736;-3.805.781;2017;3.429.586.411;283;114;;;61;218;79;1.145.454.545;1.424.754.545;;;;;0.088666667;2.351.072.769;3.053.962.806;0.176;0.495333333;0.224075396;0.24;0.014116258;0.0443;31759.22;43891.33;13371343.47;15;2.022.802.297;18068414.46;11184846.85;121.186.799;2.605.585.267;2.834.000.874
Castilla_Leon;506574;Residencia Ancianos Concepcion - Villafranca del bierzo;Calle Concepción, 8, 24500 Villafranca del Bierzo, León, ;León;426.096.074;-68.129.804;2017;8.923.085.207;37;6;31;0;18;41;0;934;1200;934;1200;;;0.125524898;8.938.281.292;9.456.688.339;0.176;0.458141769;0.062995762;0.240333333;0.014116258;0.0443;835;1748;1643211.6;17;2.245.729.742;2.196.426.894;1.238.105.889;2.411.644.651;7.304.286.006;7.623.524.221
Castilla_Leon;542512;Residencia Folgoso;;;;;2017;2.964.947.115;63;11;32;20;22;6;6;1.143.518.182;1.333.336.364;1046.3;1.236.109.091;600;;0.28859687;1.108.164.073;1.119.402.549;0.069079383;0.489762352;0.118151929;0.152561395;0.014116258;0.0443;5241.81;3423.3;3472253.19;5;87887.7;4.254.591.528;3.658.752.881;4.706.265.263;1.993.669.492;2436239.81
Castilla_Leon;543843;Residencia Sauvia Salamanca;Ctra. Zamora, 7, 37184 Villares de la Reina, Salamanca, ;Salamanca;409.937.197;-56.649.005;2017;11036602.73;153;22;99;30;78;104;56;1455;1682;1318;1409;681;;0.330931305;3.090.610.041;3384644.95;0.123710204;0.391912918;0.109004236;0.153445574;0.014116258;0.0443;9145;11646.3;8.549.050.602;8;2.304.748.974;12563609.7;10214330.59;7.213.465.836;751.911.737;8.971.175.143
Castilla_Leon;623178;Res Sauvia Villares Reina V01;37184 Villares de la Reina, Salamanca, ;Salamanca;410.083.577;-56.471.096;2018;10181214.94;153;22;99;30;78;104;56;1455;1682;1318;1409;681;;0.330987082;3.090.610.041;3.268.693.576;0.1237;0.391912918;0.112403614;0.1534;0.014116258;0.0443;8700;11646.3;8.585.108.056;9;2.321.643.133;12623772.8;9.976.125.476;6.654.388.852;7.114.027.839;8.372.108.659
Cantabria;623635;Residencia Ancianos Domus iV Santander  (Copia en conflicto de Jorge Elizaga Guitart 2018-11-12 (2));;;;;2018;8.341.772.391;108;0;72;;0;0;29;1.236.133.333;1.421.675;1.236.133.333;1.421.675;;;0.335811176;2272463.32;2.537.408.868;0.176;0.248188824;0.115840677;0.24;0.014116258;0.0443;1986.85;7536.59;6680181.6;8;2.597.689.645;10613907.57;8.778.193.662;7.723.863.325;5.685.380.434;6.783.315.263
Castilla_Leon;623834;Residencia Santiago Apostol;Calle Tejedores, 16, 24750 La Bañeza, León;León;42.300.069;-5.895.609;2018;2.205.115.297;80;72;5;;85;0;0;2147.41;;;;;;0.155055326;1.608.599.062;1.746.198.569;0.176;0.428944674;0.081164219;0.24;0.014116258;0.0443;5241.81;2630.02;3.311.873.725;5;-2.304.106.599;1.670.141.872;1101824.34;2.756.394.121;1.549.135.772;1.893.025.023
Castilla_Leon;627856;Residencia Valdeolmillos;Paseo del Salón, 27, 34002 Palencia;Palencia;90.260.037;773.898.602;2018;1.426.649.906;21;2;13;;1;45;0;1769.4;1769.4;1592.46;1592.46;;;0.152165564;5.821.078.284;7.736.198.305;0.133695477;0.474138959;0.094635533;0.24;0.014116258;0.0443;783.41;1313.82;1.234.163.057;12;1.078.941.091;1.588.889.778;1.065.947.752;679.357.098;1.110.652.225;1.208.016.262
Castilla_La_Mancha;633133;Residencia Real de Seseña;Calle Aranjuez, 19, 45224 Seseña Nuevo, Toledo, ;Toledo;40.107.052;-36.488.796;2018;7.685.386.024;91;35;56;0;19;39;39;1590;1890;1325;1625;0;;0.247661852;2.698.734.209;3.046.788.713;0.090475026;0.484778381;0.103639834;0.177084742;0.014116258;0.0443;3005;7822.97;7.097.691.554;8;1.249.064.798;9.766.294.663;7.815.849.024;8.445.479.147;5.268.815.212;6.260.043.137
Cataluña;306599;Residencia Sanitas Tarragona;Av. Catalunya, 54, 43002 Tarragona, ;Tarragona;411.227.149;12.462.047;2015;16002559.38;192;67;37;30;169;60;0;1.818.181.818;2.118.181.818;1.652.892.562;1.952.892.562;4.876.033.058;;0.44;3.751.612.773;4.308.677.904;0.1;0.35;0.119819588;0.11;0.014116258;0.0443;12382;21743.28;12985150.54;3;5.144.203.485;20726384.14;19386316.6;8.334.666.341;1.087.332.554;12993594.81
Cataluña;368597;Residencia Gran Vía Parc_Mandoni 15-17 BCN;Carrer de Mandoni, 11, 08004 Barcelona, ;Barcelona;413.691.646;21.433.652;2015;6.840.739.002;115;0;90;25;43;18;54;;;1.409.090.909;1.615.702.479;5.909.090.909;6.681.818.182;0.245;2.615.219.869;2.982.973.818;0.15;0.405;0.084611545;0.2;0.014116258;0.0443;947.15;6382;5864181.04;6;4.209.388.452;11246405.7;10043075.75;5.948.468.698;4.555.451.772;5.432.094.502
Cataluña;378468;SANTA POLA;Santa Pola, Alicante, ;Alicante;381.965.614;-0.5612438;2015;7.986.293.144;115;30;55;30;32;3;23;14.493.613;14.493.613;140.913.188;140.913.188;390.28;;0.150967647;2569519.89;2.656.395.582;0.095321685;0.507077227;0.109661198;0.078262601;0.0443;0.109661198;1093;10745.23;7.149.368.483;10;2.734.024.945;11313267.13;8.859.603.862;9.395.638.993;5.679.420.725;6.534.873.672
Cataluña;380617;Residencia Itaca Fortuny REUS;Carrer del Condesito, 5, 43205 Reus, Tarragona, ;Tarragona;411.457.495;11.115.874;2016;2.353.912.456;61;11;35;15;12;18;31;1552.5;1.788.119.295;1350;1.554.886.344;1155;;0.184666667;1.611.470.304;1827796.41;0.12;0.495333333;0.04995671;0.2;0.014116258;0.0443;1670;2732;2.043.294.379;15;5.621.138.555;3014067.11;1.962.179.164;3.858.872.878;1.851.826.307;1.985.905.198
Cataluña;386994;Residencia Sagrada Familia;Carrer de los Castillejos, 256, 258, 08013 Barcelona;Barcelona;41.406.625;2.178.794;2016;9.295.135.422;132;76;28;20;122;13;13;2300;2530;2000;2200;915;;0.229;3.783.131.812;4.080.979.442;0.126;0.445;0.090542589;0.2;0.014116258;0.0443;1151;8074.05;8.683.852.157;11;7.771.679.546;18192302.13;14920226.64;7.041.769.259;6.547.243.027;7.448.348.198
Cataluña;423249;Residencia Santa Oliva;;;;;2016;2.414.338.462;34;0;16;;20;10;10;;;1.523.368;1.754.566;;;0.22103897;8.880.224.239;9.698.255.573;0.126;0.47296103;0.107000924;0.18;0.014116258;0.0443;2000;2925.05;3.442.725.349;7;835813.72;4.967.084.139;4.140.830.055;7.100.995.476;1.501.238.912;1.881.831.277
Cataluña;424589;Residencia l'estada;;;;;2016;2.583.737.629;50;;39;5;13;4;4;;;1384.88;1595.06;750;750;0.189367039;1.565.929.155;1.695.243.431;0.15;0.440632961;0.063900883;0.22;0.014116258;0.0443;4609.12;5737.02;2.537.193.861;16;6.049.564.948;3.649.589.128;2.258.192.014;5.167.475.258;2.079.342.352;2.187.753.305
Cataluña;462920;Residencia Sant Marti;;;;;2017;8.265.323.679;31;3;28;;6;21;32;1.136.363.636;1.363.636.364;1.068.181.818;1.272.727.273;;;0.17;4.876.204.582;5.399.181.249;0.1;0.49;0.152648219;0.24;0.014116258;0.0443;1436.07;1603.96;1.887.828.841;21;5.722.816.894;2.837.676.298;1.478.439.533;2.666.233.445;76.794.418;7.055.668.677
Cataluña;494229;Residencia La Torreta;;;;;2017;2.452.721.152;45;;20;25;19;4;3;;;1900;2090;590;590;0.237493175;1.051.358.011;1.090.137.633;0.170320871;0.482471237;0.058868843;0.109714717;0.014116258;0.0443;667;1267.51;1.570.358.602;10;1.274.788.022;3.159.218.344;2.620.271.272;5.450.491.448;1.693.479.912;1.980.055.082
Cataluña;498196;Residencia Los Tilos;Carrer de Sardenya, 480, 08025 Barcelona, ;Barcelona;414.100.083;21.648.067;2017;15135917.71;195;82;88;25;92;67;89;2.140.909.091;2.440.909.091;1.918.181.818;2.218.181.818;843;1012;0.239999823;6.185.585.895;6.492.354.322;0.080000072;0.480000105;0.066693456;0.2;0.014116258;0.0443;2388;10310.06;10644518.35;10;11067292.26;23627823.91;20035511.86;7.762.009.084;1.034.150.036;12091516.53
Cataluña;501515;Residencia llar joan trias;;;;;2017;4.486.530.998;49;;10;35;0;0;0;;;;;;;0.250358245;1483062.6;1.528.038.702;0.125;0.499641755;0.04667909;0.125;0.014116258;0.0443;492.27;1715.72;1.756.485.507;10;5.429.901.821;7.537.684.429;6.934.858.603;915.618.571;2.943.764.437;3.441.916.077
Cataluña;518701;residencia st joan deu martorell;;;;;2018;9.646.844.765;131;56;40;35;56;63;21;1742.4;1980;1584;1800;900;;0.288774041;3.058.021.983;3.254.727.956;0.1;0.470892625;0.059385241;0.140333333;0.014116258;0.0443;5247;6559.11;6957907.02;5;2.507.139.387;10856627.81;9.771.194.316;7.364.003.637;5.821.683.076;7.537.227.512
Cataluña;558535;residencia mas deu hogar;;;;;2018;1725609.21;26;7;19;0;13;15;17;1850;1850;1750;1750;;;0.190383001;914787.3;9.671.662.049;0.145801331;0.45693682;0.049430301;0.206878849;0.014116258;0.0443;18495;907.22;1.147.297.629;10;1.248.998.428;2.625.755.582;2.232.003.036;6.636.958.499;1.183.584.901;1.383.874.283
Cataluña;563065;residencia prat;;;;;2018;5.879.680.052;89;6;51;32;54;65;22;1749;1969;1590;1790;690;690;0.165091157;1.456.942.465;2.595.308.396;0.138632377;0.385298606;0.07978238;0.192831762;0.0443;0.07978238;1548;4289.43;4.211.533.951;0;2.842.886.765;7.896.727.507;7.896.727.507;6.606.382.081;3.507.748.526;4.566.182.708
Cataluña;585105;Residencia la Pau;;;173.267.543;768.389.413;2018;4.311.754.184;37;7;30;0;22;23;22;2000;2300;1800;2070;;;0.29589202;1.347.886.134;1.549.132.104;0.087604401;0.535932813;0.058259044;0.080570767;0.014116258;0.0443;713.62;2138.85;1.991.615.579;0;1648942.15;4.038.880.844;4.038.880.844;1.165.338.969;2.716.961.537;3.412.842.372
Cataluña;586740;residencia sol i natura;Ctra. de l'Amunt, 8, 08757 L'Amunt Vell, Barcelona, ;Barcelona;414.146.729;19.175.382;2018;2.353.127.473;51;2;24;25;23;13;5;1900;2185;1800;1980;865;;0.203839681;1.260.521.743;1.332.957.409;0.15;0.456160319;0.05206567;0.19;0.014116258;0.0443;1747.83;1316.94;1665451.92;8;3.825.315.618;2.381.073.866;1.923.407.679;4.613.975.437;1.618.619.907;1.931.200.427
Cataluña;591916;Residencia carles collet;;;;;2018;5.901.641.475;48;0;38;10;47;8;8;;;1875;2125;875;;0.317256275;1.254.512.766;1.846.294.571;0.095981813;0.51139792;0.11882295;0.075363992;0.014116258;0.0443;1775;2491.25;3.780.631.714;0;1.855.026.538;6.391.784.594;6.391.784.594;1.229.508.641;3.703.672.612;4.652.274.479
Cataluña;620690;Residencia pº maragall;;;;;2018;10301706.28;67;7;60;0;36;37;36;2100;2345;1890;2110.5;;;0.399939056;1.443.142.858;2.989.840.043;0.127401729;0.390663176;0.154436584;0.081996039;0.014116258;0.0443;1938;4083.1;5.652.602.809;0;2985336.31;9.768.459.681;9.768.459.681;1.537.568.101;6.448.241.654;8.099.795.318
Cataluña;626117;residencia sant josep de torrefarrera;Carrer d'Almacelles, s/n, 25110 Malpartit, Lleida, ;Lleida;416.915.442;0.5337862;2019;2.880.802.835;75;20;35;20;45;22;16;2000;2300;1600;1750;690;;0.102265546;1750089.39;2.160.195.362;0.15;0.537401121;0.048327639;0.210333333;0.014116258;0.0443;417;2073.05;2.144.673.878;9;2.434.965.685;2.817.105.222;2.155.687.798;3.841.070.447;1.996.359.646;2.359.076.157
Cataluña;628593;centro hipocrates;Carrer Bosc del Masso, 21, 08553 El Montanyá, Barcelona, ;Barcelona;41.803.613;2.258.529;2018;3.172.545.789;60;;60;0;120;0;0;;;2500;;;;0.273062107;1483200;1.769.043.326;0.170319813;0.319855682;0.0993694;0.236762398;0.014116258;0.0443;4354.06;3113.72;3.740.823.208;15;5.220.462.608;5011034.11;3.085.258.323;5.287.576.316;248.788.734;2.696.412.437
Extremadura;380131;Residencia Geriatrica Valdefuentes;10180 Valdefuentes, Cáceres, ;Cáceres;392.751.401;-61.248.675;2016;2717374.13;48;38;10;;6;46;0;1100;1305;900;1152;;;0.10399897;5.037.778.858;8.824.176.801;0.112361769;0.307426935;0.201212669;0.240333333;0.0443;0.201212669;13804;13804;3.704.647.215;0;30216.12;4.475.792.778;4.475.792.778;5.661.196.104;1.760.871.289;2.170.999.182
Extremadura;623115;Residencia Malpartida Caceres;10910 Malpartida de Cáceres, Cáceres, ;Cáceres;394.518.028;-64.797.071;2018;3.785.404.302;122;48;74;;56;88;52;1170;1404;975;1175;;;0.099808511;1.722.665.556;2.383.633.713;0.176;0.484191489;0.121777761;0.24;0.014116258;0.0443;30000;13126.14;5.512.978.573;12;58000;6.673.574.287;4.444.358.308;3.102.790.412;2.763.148.004;3.140.053.667
Galicia;391720;Residencai Rios Verin;Riós, Province of Ourense, ;Ourense;419.853.874;-7.286.868;2016;1.050.176.878;20;;20;;0;20;20;;;;1.469.125;;;0.189;617385.09;7.039.228.508;0.146;0.455;0.094716421;0.21;0.014116258;0.0443;4944;1734.1;1482482.09;11;140.410.077;1.919.388.585;1.360.789.333;5.250.884.391;7.700.929.623;876.081.811
Galicia;424462;Centro Mental - UR Cervo A Mariña;27891 Cervo, Lugo, ;Lugo;43.671.212;-74.103.573;2016;8.800.806.214;21;17;4;;10;0;0;1500;;1500;;;;0.2037;419149.44;4.572.327.305;0.146;0.44;0.115376139;0.2103;0.014116258;0.0443;6968;1435.14;1.226.901.186;3;585.250.092;1.530.806.432;1404190.23;4.190.860.102;5.853.148.936;7.113.674.416
Galicia;427510;residencia Sanitas Vigo;Rúa Conde, 6, 36210 Vigo, PoPontevedra, ;Pontevedra;422.193.988;-87.263.228;2016;5002605.03;67;38;29;;29;29;38;3.054.745.833;3.354.745.833;2.603.158.708;2.903.158.708;;;0.174406032;2.621.850.238;2.903.347.148;0.156;0.459293968;0.051706608;0.2103;0.014116258;0.0443;1257;3968.24;3.595.178.256;5;1561354.13;5.875.568.037;5.258.635.448;7.466.574.672;3.331.880.884;4.000.812.075
Galicia;427608;vivienda comunitaria O Noso Acougo;;;;;2016;1.853.333.612;7;2;5;;11;1;0;1.363.636.364;1.363.636.364;1.090.909.091;1.090.909.091;;;0.1681;1.472.727.273;1.509.887.405;0.156;0.4553;0.043888202;0.2206;0.014116258;0.0443;382;200.55;171.450.195;10;13.942.236;219682.47;1.608.407.631;2.647.619.445;1.345.521.845;1.548.188.751
Galicia;433539;residencia Sanitas Vigo;Rúa Conde, 6, 36210 Vigo, PoPontevedra, ;Pontevedra;422.193.988;-87.263.228;2016;4.520.411.041;67;38;29;;14;34;48;1.681.818.182;1.981.818.182;152.892.562;182.892.562;;;0.206618779;2.341.815.746;2.424.853.911;0.136;0.457081221;0.058927565;0.2003;0.014116258;0.0443;1257;3968.24;3.657.844.638;4;1561354.13;5.950.767.696;5.450.374.549;6.746.882.151;2.991.900.334;3615373.05
Galicia;482480;Residencia Tomiño;36740 Tomiño, PoPontevedra, ;Pontevedra;419.924.192;-87.424.885;2017;2.495.791.834;39;;24;14;36;16;16;;;1.627.291.667;1.777.291.667;912.5;962.5;0.220284282;1116708.84;1.226.048.155;0.156;0.413715718;0.04653561;0.21;0.014116258;0.0443;4000;1669.73;1.377.193.304;6;2.556.022.684;1.908.234.233;1.625.634.167;6.399.466.241;16.711.102;2.027.372.006
Galicia;528172;Residencia Silleda;Silleda, PoPontevedra, ;Pontevedra;427.020.616;-82.445.422;2018;3.360.106.548;54;9;24;20;78;0;0;1375;;1150;;300;;0.292870356;2.331.197.964;8.922.738.022;0.15355;0.393179644;0.452152576;0.1604;0.014116258;0.0443;5241.81;2435.45;2.718.644.126;0;102152.33;3.310.152.399;3.310.152.399;6.222.419.533;;
Galicia;554154;Residencia Coles;;;;;2018;775.216.922;13;5;8;;6;7;7;1320;1386;1200;1320;;;0.244;3.032.106.372;3.234.465.841;0.146;0.4;0.100190384;0.21;0.014116258;0.0443;3534;1068;770476.56;0;24104.76;948.676.632;948.676.632;5.963.207.092;4.929.289.251;6.191.801.756
Galicia;593120;RESIDENCIA SILLEDA;Silleda, PoPontevedra, ;Pontevedra;427.020.616;-82.445.422;2018;3.360.106.548;54;9;24;20;78;0;0;1375;;1150;;300;;0.292870356;2.331.197.964;8.922.738.022;0.15355;0.393179644;0.452152576;0.1604;0.014116258;0.0443;5241.81;2435.45;2.718.644.126;0;102152.33;3.310.152.399;3.310.152.399;6.222.419.533;;
Galicia;614525;residencia vila do conde gondomar;Igrexa, 8, 36380 Gondomar, PoPontevedra, ;Pontevedra;421.173.205;-87.645.515;2018;3.348.598.765;66;13;53;;39;29;29;172.309.795;197.309.795;14.602.525;17.102.525;;;0.174333333;2.399.298.614;2.486.006.657;0.15;0.465333333;0.049068637;0.210333333;0.014116258;0.0443;3459;5276.33;2.987.108.598;10;181689.74;3.766.220.057;2.741.044.386;5.073.634.492;2.390.189.857;2783439.2
Galicia;616662;Centro de Día Buruela;;;;;2018;5.549.812.389;39;15;18;4;39;0;0;725;;565;;40;;0.22663868;1.462.575.667;2.969.266.822;0.123426362;0.495;0.056381331;0.154934958;0.014116258;0.0443;0;327;209142.66;0;38422.5;289.393.692;289.393.692;1.423.028.818;3.510.696.577;4.409.872.524
Canarias;365479;Residencia San Lorenzo CANARIAS;Calle Juan Ramón Jiménez, 33, 35219 Ojos de Garza, Las Palmas, ;sPalmas;279.463.385;-153.956.245;2015;8.541.774.328;85;2;0;0;50;102;79;1825;2125;;;900;;0.21;3.930.952.824;5231456.16;0.15;0.44;0.096383494;0.2;0.014116258;0.0443;2414;10950.43;10050053.25;10;7.077.532.743;12767817.18;9.318.638.901;1.004.914.627;6.157.258.842;7.084.685.332
Baleares;527153;Residencia Porreres  BALEARES;07260 Porreres, Balearic Islas Baleares, ;Islas Baleares;395.148.577;30.238.803;2017;1.259.918.838;21;;21;;6;34;2;;;1530;1700;;;0.1487;774.859.932;8.892.060.089;0.176;0.4953;0.086624294;0.18;0.014116258;0.0443;619;1838;1.702.731.978;12;1.744.168.724;2.217.695.245;1.516.850.763;5.999.613.512;9.143.855.561;1.043.115.967
Madrid;379704;Valdeluz El Escorial;Calle Nueve, nº 9, 28280 El Escorial, Madrid, ;Madrid;406.039.076;-4.052.417;2016;5.746.099.471;89;9;80;;17;34;118;1590;1828.5;1431;1645.65;;;0.174;3.313.348.133;3.622.062.659;0.136;0.5;0.115481912;0.19;0.014116258;0.0443;5375;10708.93;9.708.312.461;10;2.339.966.121;13989941.07;10658048.24;6.456.291.541;4.085.271.218;4.700.608.147
Madrid;379742;La Suiza Santa Rita;nº4, Calle de Berna, 28294 Robledo de Chavela, Madrid, ;Madrid;405.126.523;-42.399.445;2016;1.529.909.026;46;14;32;;0;17;25;;147.999.178;;1241;;;0.18;1.042.108.279;1.143.474.194;0.15;0.45;0.047483645;0.22;0.014116258;0.0443;2478;978;1.255.508.346;10;223020;1.729.630.015;1.298.739.551;3.325.889.187;1.104.545.374;1.270.915.615
Madrid;390163;SanyRes Loreto;;;;;2016;18975322.11;81;39;42;;25;49;49;2340;2630;1980;2270;;;0.421031565;3.469.707.605;3.628.487.985;0.07;0.34;0.130818577;0.19;0.014116258;0.0443;22260;10509.93;11506061.17;6;4.623.633.505;18430906.9;16069863.15;2.342.632.359;1.281.137.105;15276767.65
Madrid;432750;Rda. Los Enebros;;;;;2016;1.598.158.338;25;12;13;;25;13;0;1600;2000;1400;1800;;;0.267989484;727823.88;7.776.069.315;0.176;0.316010516;0.052435103;0.24;0.014116258;0.0443;742;1255.9;9.676.607.116;16;3.880.751.447;1.549.267.999;1.018.602.864;6.392.633.353;1.290.105.709;1.357.368.125
Madrid;433228;Residencia Galdama_Fuenlabrada;Av. de los Andes, 18, 28945 Fuenlabrada, Madrid, ;Madrid;402.949.046;-37.872.938;2016;5.157.438.981;89;;89;;8;8;11;;;1448.75;1.593.625;;;0.23;2.318.018.637;2.553.119.231;0.1;0.45;0.081404538;0.22;0.014116258;0.0443;5241.81;4969.32;4.783.325.315;6;665.868.323;6.405.858.702;5.424.320.347;579.487.526;3.527.684.406;4.206.545.481
Madrid;468330;EEE Conde los Gaitanes_Alcobendas;Alcobendas, Madrid, ;Madrid;405.372.512;-36.372.245;2017;5.013.931.235;43;20;23;;17;46;3;2111.85;24.286.275;1805;2075.75;;;0.241592176;1.592.589.207;1723483.37;0.15;0.398407824;0.091577545;0.21;0.014116258;0.0443;18754.76;3448.53;3.754.283.683;1;5.327.194.559;9.832.334.979;9765967.9;116.603.052;2.995.458.237;3.798.296.692
Madrid;470264;Santa Matilde;;;;;2017;1.881.732.717;44;13;31;0;56;20;0;1430;1630;1300;1500;;;0.136548027;2045684.16;2.233.971.275;0.039928932;0.388623041;0.037373357;0.4349;0.014116258;0.0443;5241.81;1623.55;1.968.189.108;6;1.837.837.995;4.199.664.924;3.765.810.564;4.276.665.265;118.677.968;1.439.787.693
Madrid;473594;Residencia Castillo_Villaviciosa Odon;;;;;2017;1.953.047.522;37;7;27;;3;58;12;1525;1677.5;1143.75;1.258.125;;;0.199385458;1.071.783.801;1.146.152.248;0.153850021;0.510830636;0.068967325;0.135933885;0.014116258;0.0443;1959;2596.25;1.875.141.078;12;3.669.498.461;2617119.14;1.845.311.072;5.278.506.817;1.452.401.798;1.631.673.124
Madrid;480174;Residencia Ancianos Casablanca;;;;;2017;7.214.059.313;107;23;54;30;45;45;25;1739;1.888.554;14.179.806;156.749.982;710;;0.287282101;2.398.252.258;2.589.602.157;0.1;0.455331584;0.086644657;0.157386314;0.014116258;0.0443;4590;7583.43;5268482.39;4;5.318.196.236;6.853.998.492;6.133.270.101;6.742.111.508;4.764.650.187;5.860.772.183
Madrid;505969;Fundación Manantial;;;;;2017;3.100.577.256;144;38;50;21;144;0;0;2737.5;;761.25;;1087.5;;0.167878712;2.129.399.455;2.150.773.436;0.176;0.416121288;0.069673808;0.24;0.014116258;0.0443;5241.81;3379.1;3.762.839.065;0;7.667.031.993;5.282.110.077;5.282.110.077;215.317.865;1.995.861.402;2.495.326.407
Madrid;379704;Valdeluz El Escorial;Calle Nueve, nº 9, 28280 El Escorial, Madrid, ;Madrid;406.039.076;-4.052.417;2016;5.746.099.471;89;9;80;;17;34;118;1590;1828.5;1431;1645.65;;;0.174;3.313.348.133;3.622.062.659;0.136;0.5;0.115481912;0.19;0.014116258;0.0443;5375;10708.93;9.708.312.461;10;2.339.966.121;13989941.07;10658048.24;6.456.291.541;4.085.271.218;4.700.608.147
Madrid;379742;La Suiza Santa Rita;nº4, Calle de Berna, 28294 Robledo de Chavela, Madrid, ;Madrid;405.126.523;-42.399.445;2016;1.529.909.026;46;14;32;;0;17;25;;147.999.178;;1241;;;0.18;1.042.108.279;1.143.474.194;0.15;0.45;0.047483645;0.22;0.014116258;0.0443;2478;978;1.255.508.346;10;223020;1.729.630.015;1.298.739.551;3.325.889.187;1.104.545.374;1.270.915.615
Madrid;390163;SanyRes Loreto;;;;;2016;18975322.11;81;39;42;;25;49;49;2340;2630;1980;2270;;;0.421031565;3.469.707.605;3.628.487.985;0.07;0.34;0.130818577;0.19;0.014116258;0.0443;22260;10509.93;11506061.17;6;4.623.633.505;18430906.9;16069863.15;2.342.632.359;1.281.137.105;15276767.65
Madrid;432750;Rda. Los Enebros;;;;;2016;1.598.158.338;25;12;13;;25;13;0;1600;2000;1400;1800;;;0.267989484;727823.88;7.776.069.315;0.176;0.316010516;0.052435103;0.24;0.014116258;0.0443;742;1255.9;9.676.607.116;16;3.880.751.447;1.549.267.999;1.018.602.864;6.392.633.353;1.290.105.709;1.357.368.125
Madrid;433228;Residencia Galdama_Fuenlabrada;Av. de los Andes, 18, 28945 Fuenlabrada, Madrid, ;Madrid;402.949.046;-37.872.938;2016;5.157.438.981;89;;89;;8;8;11;;;1448.75;1.593.625;;;0.23;2.318.018.637;2.553.119.231;0.1;0.45;0.081404538;0.22;0.014116258;0.0443;5241.81;4969.32;4.783.325.315;6;665.868.323;6.405.858.702;5.424.320.347;579.487.526;3.527.684.406;4.206.545.481
Madrid;468330;EEE Conde los Gaitanes_Alcobendas;Alcobendas, Madrid, ;Madrid;405.372.512;-36.372.245;2017;5.013.931.235;43;20;23;;17;46;3;2111.85;24.286.275;1805;2075.75;;;0.241592176;1.592.589.207;1723483.37;0.15;0.398407824;0.091577545;0.21;0.014116258;0.0443;18754.76;3448.53;3.754.283.683;1;5.327.194.559;9.832.334.979;9765967.9;116.603.052;2.995.458.237;3.798.296.692
Madrid;470264;Santa Matilde;;;;;2017;1.881.732.717;44;13;31;0;56;20;0;1430;1630;1300;1500;;;0.136548027;2045684.16;2.233.971.275;0.039928932;0.388623041;0.037373357;0.4349;0.014116258;0.0443;5241.81;1623.55;1.968.189.108;6;1.837.837.995;4.199.664.924;3.765.810.564;4.276.665.265;118.677.968;1.439.787.693
Madrid;473594;Residencia Castillo_Villaviciosa Odon;;;;;2017;1.953.047.522;37;7;27;;3;58;12;1525;1677.5;1143.75;1.258.125;;;0.199385458;1.071.783.801;1.146.152.248;0.153850021;0.510830636;0.068967325;0.135933885;0.014116258;0.0443;1959;2596.25;1.875.141.078;12;3.669.498.461;2617119.14;1.845.311.072;5.278.506.817;1.452.401.798;1.631.673.124
Madrid;480174;Residencia Ancianos Casablanca;;;;;2017;7.214.059.313;107;23;54;30;45;45;25;1739;1.888.554;14.179.806;156.749.982;710;;0.287282101;2.398.252.258;2.589.602.157;0.1;0.455331584;0.086644657;0.157386314;0.014116258;0.0443;4590;7583.43;5268482.39;4;5.318.196.236;6.853.998.492;6.133.270.101;6.742.111.508;4.764.650.187;5.860.772.183
Madrid;505969;Fundación Manantial;;;;;2017;3.100.577.256;144;38;50;21;144;0;0;2737.5;;761.25;;1087.5;;0.167878712;2.129.399.455;2.150.773.436;0.176;0.416121288;0.069673808;0.24;0.014116258;0.0443;5241.81;3379.1;3.762.839.065;0;7.667.031.993;5.282.110.077;5.282.110.077;215.317.865;1.995.861.402;2.495.326.407
Madrid;321690;Sanyres Loreto;;;;;2017;11667226.52;125;101;22;;25;31;92;1.600.733.136;1.764.062.182;1.448.627.273;1.596.436.364;;;0.381592821;3138458.98;3.250.482.324;0.12;0.388407179;0.101343371;0.11;0.014116258;0.0443;;8233.66;7.866.072.361;8;3.940.052.887;13379339.72;11217743.03;9.333.781.219;8.003.783.671;9509544.18
Madrid;379700;Los Nogales;Calle Alcobendas, 12, 28033 Madrid;Madrid;4.047.887;-3.642.025;2017;1.608.750.099;25;12;13;;25;13;0;1600;2000;1400;1800;;;0.277663275;750.807.792;7.776.069.315;0.176;0.306336725;0.051002715;0.24;0.014116258;0.0443;742;1267.9;9.717.451.094;17;4.122.388.098;1.578.332.941;1.011.611.193;6.435.000.394;1.314.407.091;1.371.854.043
Madrid;379704;Valdeluz El Escorial;19139 Valdeluz, Guadalajara, ;Guadalajara;405.921.932;-31.095.699;2018;11901058.82;153;128;0;0;178;0;0;2271.25;;;;;;0.248086177;4233436.2;4.653.196.791;0.126868681;0.495333333;0.082372289;0.129711808;0.014116258;0.0443;4045.4;9776.59;8.840.609.257;11;9058752.53;19667483.64;16336342.07;7.778.469.816;8.172.461.916;9444276.12
Madrid;379742;La Suiza Santa Rita;nº4, Calle de Berna, 28294 Robledo de Chavela, Madrid, ;Madrid;405.126.523;-42.399.445;2018;10261816.25;110;35;75;;111;74;0;1950;2145;1560;1716;;;0.193913708;2376410.4;3.514.992.981;0.16;0.436086292;0.113014226;0.21;0.014116258;0.0443;20979;10919.6;6.811.511.887;0;1.013.378.098;9.187.192.363;9.187.192.363;9.328.923.865;6.460.234.632;8.114.859.994
Madrid;390163;SanyRes Loreto;;;;;2018;4.230.383.457;175;30;90;;0;0;0;;;;;;;0.22901781;1819898.65;2.185.435.337;0.10715;0.476912779;0.042821356;0.186919411;0.014116258;0.0443;;2058.14;1.962.311.993;6;3.431.722.055;5.786.496.447;5.393.249.123;2.417.361.975;2.611.848.872;3.425.677.941
Madrid;432750;Rda. Los Enebros;;;;;2018;5887224.19;55;1;54;;16;44;49;2082;2200;1527;1618;;;0.255932349;1.982.839.363;2.147.018.832;0.1;0.474067651;0.084579079;0.17;0.014116258;0.0443;959.93;3669.72;4.255.795.797;8;3.318.714.779;8.425.669.735;7256177.05;1.070.404.398;392.053.854;4.677.655.124
Madrid;506713;Residencia Dunial Hall;;;;;2017;1700271.83;0;0;;;0;0;0;2147.41;;;;;;0.717;0;0;0;0;0;0;0.014116258;0.0443;482;1342.83;1192315.61;5;1.349.230.558;2780009.29;2.575.407.931;4.857.919.513;1.095.525.656;1.338.718.993
Valencia;358317;residencia geriatrica la Vila;03570 Villajoyosa, Alicante, ;Alicante;385.079.606;-0.2285807;2015;2.953.367.763;44;9;20;15;22;18;7;1557;1515;935;1210;962;;0.212355047;7.769.692.476;9.349.996.628;0.08;0.4;0.09019327;0.15;0.0443;0.09019327;;4998.18;2.177.350.867;6;0;2612821.04;2.166.028.642;6.712.199.461;1.943.705.605;2.386.039.969
Valencia;386319;SAVIA SILLA;Ctra. Valencia-Alicante, 46460 Silla, Valencia, ;Valencia;393.501.439;-0.4081836;2016;2.519.610.966;99;14;55;30;44;12;98;1.576.735.458;1.576.735.458;140.913.188;140.913.188;435.38;;0.064591093;2.067.816.883;2.354.277.067;0.083;0.534032163;0.06484638;0.232;0.0443;0.06484638;11510.85;11510.85;3.399.428.066;11;24864.35;4.104.178.029;2.823.273.534;3.651.610.096;1.860.743.516;2.116.839.952
Valencia;386325;SAVIA ALBORACHE;Calle San Jaime, s/n, 46369 Alborache, Valencia, ;Valencia;393.899.192;-0.7707848;2016;2.456.264.547;69;14;55;;14;12;98;1.576.735.458;1.576.735.458;140.913.188;140.913.188;435.38;;0.058934897;2017423.39;2.299.189.454;0.083;0.534032163;0.072387975;0.232;0.0443;0.072387975;13804;13804;3.704.647.215;12;30216.12;4.475.792.778;2.950.959.984;3.559.803.692;1.845.193.109;2.072.947.037
Valencia;484131;Residencia Geriatrica El Saler;;;;;2017;3.947.563.062;78;35;43;;73;24;24;1695;1864.5;1440.75;1610.25;;;0.194452718;2.324.426.134;2407088.54;0.159853769;0.513029854;0.0771054;0.132663659;0.014116258;0.0443;5241.81;5370.73;4.546.570.425;12;1.281.079.484;6.736.963.994;4.865.595.607;5.060.978.285;2.870.905.006;3.275.081.099
Valencia;526843;Residencia Novaedat_Xativa;Avenida Rivera, 2, 46800 Xàtiva, Valencia, ;Valencia;389.948.261;-0.5155768;2017;4.976.453.725;78;36;42;;26;14;14;1.444.545.455;1.572.272.727;1.338.636.364;1.444.545.455;;;0.169743262;2.429.839.401;2.716.027.084;0.191;0.522256738;0.070778682;0.117;0.014116258;0.0443;6500;5223.98;4.361.832.625;7;6.222.717.376;5.856.470.887;4.809.631.057;6.380.068.878;3.381.325.116;4.052.420.058
Valencia;539523;Residencia Ballesol Costa Blanca Senior Resort - Villajoyosa;Carrer Tramuntana, 2, 03570 La Vila Joiosa, Alicante, ;Alicante;3.852.359;-0.1704881;2017;10030750.56;149;116;33;;82;70;30;1.454.545.455;1.672.727.273;1.309.090.909;1.505.454.545;;;0.242899964;3.047.903.712;3.307.145.279;0.13;0.462613039;0.18859315;0.218;0.014116258;0.0443;9609;24774.57;14586713.65;8;3.102.505.767;20606562.15;16598133.24;6.732.047.354;6.832.865.527;8.152.397.463
Valencia;552137;Residencia Virgen de Cortes;;;;;2018;1.283.891.939;23;2;21;;24;11;8;1.363.636.364;1.363.636.364;1.090.909.091;1.090.909.091;;;0.26;5.863.174.756;620.749.729;0.1;0.4;0.098233052;0.24;0.014116258;0.0443;1947;2631.74;1.459.766.603;13;134503.87;1.886.223.793;1.236.335.702;5.582.138.864;9.641.361.588;1.084.262.523
Valencia;587770;Residencia Novaedat Estivella;;;;;2018;1.760.996.092;39;4;35;;30;22;22;1390;1529;1181.5;1299.65;;;0.177500362;1.016.217.011;1.103.144.179;0.15;0.462499638;0.056709189;0.21;0.014116258;0.0443;4549;1751.47;1.462.413.521;8;202.063.792;1.956.960.018;1.555.088.782;4.515.374.594;1.217.591.536;1.446.658.353
Valencia;596303;Residencia 3ª edad Odamar;;;;;2018;8.379.853.797;14;;14;;1;19;8;;;1400;1498;;;0.184616761;4.953.825.677;5.188.889.202;0.1524;0.452983239;0.056800297;0.21;0.014116258;0.0443;1788;2122.76;7.140.384.965;8;1.493.020.434;1.006.148.239;8.099.304.604;5.985.609.855;5.760.864.163;6.873.376.068
Valencia;618240;Residencia Geriatrica Torrevieja;Calle Maestro Francisco Casanovas, 26, 03182 Torrevieja, Alicante, ;Alicante;379.829.089;-0.6735777;2018;8.029.071.803;141;103;38;;72;107;0;1599;1758.9;1279.2;1407.12;;;0.239888894;2.512.622.549;2.885.501.747;0.176;0.374111106;0.094562126;0.21;0.014116258;0.0443;;10183.52;6.024.474.407;16;4.739.641.548;11969010.84;8.665.189.071;5.694.377.166;6.225.890.387;6.618.030.021
